USE FACILITOONLINE
GO

-- INSERTAR TIPO DE USUARIO
insert into tb_tipo_usuario(id_tipo_usuario,descripcion)values(1,'Administrador')
insert into tb_tipo_usuario(id_tipo_usuario,descripcion)values(2,'Visitante')

-- INSERTAR TIPO CLIENTE
INSERT INTO TB_TIPO_CLIENTE(id_tipo_cliente,descripcion)VALUES(1,'Invitado')
INSERT INTO TB_TIPO_CLIENTE(id_tipo_cliente,descripcion)VALUES(2,'Socio')

-- INSERTAR CARGOS
insert into tb_cargo(id,cargo)values(1,'Dueño / Propietario')
insert into tb_cargo(id,cargo)values(2,'Estudiante')
insert into tb_cargo(id,cargo)values(3,'Gerente')
insert into tb_cargo(id,cargo)values(4,'Otro')
insert into tb_cargo(id,cargo)values(5,'Profesionista')
go

-- INSERTAR PAISES
INSERT INTO tb_pais VALUES('001', 'Peru')
INSERT INTO tb_pais VALUES('002', 'Argentina')
INSERT INTO tb_pais VALUES('003', 'Chile')
INSERT INTO tb_pais VALUES('004', 'USA')
INSERT INTO tb_pais VALUES('005', 'España')
INSERT INTO tb_pais VALUES('006', 'Francia')
INSERT INTO tb_pais VALUES('007', 'Colombia')
INSERT INTO tb_pais VALUES('008', 'Canada')
INSERT INTO tb_pais VALUES('009', 'China')
go

-- INSERTAR DEPARTAMENTO DEL PERÚ
insert into tb_estado(id,estado,pais)
values('010000','Amazonas','001')
insert into tb_estado(id,estado,pais)
values('020000','Áncash','001')
insert into tb_estado(id,estado,pais)
values('030000','Apurímac','001')
insert into tb_estado(id,estado,pais)
values('040000','Arequipa','001')
insert into tb_estado(id,estado,pais)
values('050000','Ayacucho','001')
insert into tb_estado(id,estado,pais)
values('060000','Cajamarca','001')
insert into tb_estado(id,estado,pais)
values('070000','Callao','001')
insert into tb_estado(id,estado,pais)
values('080000','Cusco','001')
insert into tb_estado(id,estado,pais)
values('090000','Huancavelica','001')
insert into tb_estado(id,estado,pais)
values('100000','Huánuco','001')
insert into tb_estado(id,estado,pais)
values('110000','Ica','001')
insert into tb_estado(id,estado,pais)
values('120000','Junín','001')
insert into tb_estado(id,estado,pais)
values('130000','La Libertad','001')
insert into tb_estado(id,estado,pais)
values('140000','Lambayeque','001')
insert into tb_estado(id,estado,pais)
values('150000','Lima','001')
insert into tb_estado(id,estado,pais)
values('160000','Loreto','001')
insert into tb_estado(id,estado,pais)
values('170000','Madre de Dios','001')
insert into tb_estado(id,estado,pais)
values('180000','Moquegua','001')
insert into tb_estado(id,estado,pais)
values('190000','Pasco','001')
insert into tb_estado(id,estado,pais)
values('200000','Piura','001')
insert into tb_estado(id,estado,pais)
values('210000','Puno','001')
insert into tb_estado(id,estado,pais)
values('220000','San Martín','001')
insert into tb_estado(id,estado,pais)
values('230000','Tacna','001')
insert into tb_estado(id,estado,pais)
values('240000','Tumbes','001')
insert into tb_estado(id,estado,pais)
values('250000','Ucayali','001')
go

-- INSERTAR PROVINCIA POR DEPARTAMENTO
INSERT INTO provincias VALUES ('000000', 'Nueva', '250000');
INSERT INTO provincias VALUES ('010100', 'CHACHAPOYAS', '010000');
INSERT INTO provincias VALUES ('010200', 'BAGUA', '010000');
INSERT INTO provincias VALUES ('010300', 'BONGARA', '010000');
INSERT INTO provincias VALUES ('010400', 'CONDORCANQUI', '010000');
INSERT INTO provincias VALUES ('010500', 'LUYA', '010000');
INSERT INTO provincias VALUES ('010600', 'RODRIGUEZ DE MENDOZA', '010000');
INSERT INTO provincias VALUES ('010700', 'UTCUBAMBA', '010000');
INSERT INTO provincias VALUES ('020100', 'HUARAZ', '020000');
INSERT INTO provincias VALUES ('020200', 'AIJA', '020000');
INSERT INTO provincias VALUES ('020300', 'LLAMELLIN', '020000');
INSERT INTO provincias VALUES ('020400', 'CHACAS', '020000');
INSERT INTO provincias VALUES ('020500', 'CHIQUIAN', '020000');
INSERT INTO provincias VALUES ('020600', 'CARHUAZ', '020000');
INSERT INTO provincias VALUES ('020700', 'SAN LUIS', '020000');
INSERT INTO provincias VALUES ('020800', 'CASMA', '020000');
INSERT INTO provincias VALUES ('020900', 'CORONGO', '020000');
INSERT INTO provincias VALUES ('021000', 'HUARI', '020000');
INSERT INTO provincias VALUES ('021100', 'HUARMEY', '020000');
INSERT INTO provincias VALUES ('021200', 'CARAZ', '020000');
INSERT INTO provincias VALUES ('021300', 'PISCOBAMBA', '020000');
INSERT INTO provincias VALUES ('021400', 'OCROS', '020000');
INSERT INTO provincias VALUES ('021500', 'CABANA', '020000');
INSERT INTO provincias VALUES ('021600', 'POMABAMBA', '020000');
INSERT INTO provincias VALUES ('021700', 'RECUAY', '020000');
INSERT INTO provincias VALUES ('021800', 'CHIMBOTE', '020000');
INSERT INTO provincias VALUES ('021900', 'SIHUAS', '020000');
INSERT INTO provincias VALUES ('022000', 'YUNGAY', '020000');
INSERT INTO provincias VALUES ('030100', 'ABANCAY', '030000');
INSERT INTO provincias VALUES ('030200', 'ANDAHUAYLAS', '030000');
INSERT INTO provincias VALUES ('030300', 'ANTABAMBA', '030000');
INSERT INTO provincias VALUES ('030400', 'AYMARAES', '030000');
INSERT INTO provincias VALUES ('030500', 'COTABAMBAS', '030000');
INSERT INTO provincias VALUES ('030600', 'CHINCHEROS', '030000');
INSERT INTO provincias VALUES ('030700', 'GRAU', '030000');
INSERT INTO provincias VALUES ('040100', 'AREQUIPA', '040000');
INSERT INTO provincias VALUES ('040200', 'CAMANA', '040000');
INSERT INTO provincias VALUES ('040300', 'CARAVELI', '040000');
INSERT INTO provincias VALUES ('040400', 'CASTILLA', '040000');
INSERT INTO provincias VALUES ('040500', 'CAYLLOMA', '040000');
INSERT INTO provincias VALUES ('040600', 'CONDESUYOS', '040000');
INSERT INTO provincias VALUES ('040700', 'ISLAY', '040000');
INSERT INTO provincias VALUES ('040800', 'LA UNION', '040000');
INSERT INTO provincias VALUES ('050100', 'HUAMANGA', '050000');
INSERT INTO provincias VALUES ('050200', 'CANGALLO', '050000');
INSERT INTO provincias VALUES ('050300', 'HUANCA SANCOS', '050000');
INSERT INTO provincias VALUES ('050400', 'HUANTA', '050000');
INSERT INTO provincias VALUES ('050500', 'LA MAR', '050000');
INSERT INTO provincias VALUES ('050600', 'LUCANAS', '050000');
INSERT INTO provincias VALUES ('050700', 'PARINACOCHAS', '050000');
INSERT INTO provincias VALUES ('050800', 'PAUCAR DEL SARA SARA', '050000');
INSERT INTO provincias VALUES ('050900', 'SUCRE', '050000');
INSERT INTO provincias VALUES ('051000', 'VICTOR FAJARDO', '050000');
INSERT INTO provincias VALUES ('051100', 'VILCAS HUAMAN', '050000');
INSERT INTO provincias VALUES ('060100', 'CAJAMARCA', '060000');
INSERT INTO provincias VALUES ('060200', 'CAJABAMBA', '060000');
INSERT INTO provincias VALUES ('060300', 'CELENDIN', '060000');
INSERT INTO provincias VALUES ('060400', 'CHOTA', '060000');
INSERT INTO provincias VALUES ('060500', 'CONTUMAZA', '060000');
INSERT INTO provincias VALUES ('060600', 'CUTERVO', '060000');
INSERT INTO provincias VALUES ('060700', 'HUALGAYOC', '060000');
INSERT INTO provincias VALUES ('060800', 'JAEN', '060000');
INSERT INTO provincias VALUES ('060900', 'SAN IGNACIO', '060000');
INSERT INTO provincias VALUES ('061000', 'SAN MARCOS', '060000');
INSERT INTO provincias VALUES ('061100', 'SAN MIGUEL', '060000');
INSERT INTO provincias VALUES ('061200', 'SAN PABLO', '060000');
INSERT INTO provincias VALUES ('061300', 'SANTA CRUZ', '060000');
INSERT INTO provincias VALUES ('070000', 'CALLAO', '070000');
INSERT INTO provincias VALUES ('080100', 'CUSCO', '080000');
INSERT INTO provincias VALUES ('080200', 'ACOMAYO', '080000');
INSERT INTO provincias VALUES ('080300', 'ANTA', '080000');
INSERT INTO provincias VALUES ('080400', 'CALCA', '080000');
INSERT INTO provincias VALUES ('080500', 'CANAS', '080000');
INSERT INTO provincias VALUES ('080600', 'CANCHIS', '080000');
INSERT INTO provincias VALUES ('080700', 'CHUMBIVILCAS', '080000');
INSERT INTO provincias VALUES ('080800', 'ESPINAR', '080000');
INSERT INTO provincias VALUES ('080900', 'LA CONVENCION', '080000');
INSERT INTO provincias VALUES ('081000', 'PARURO', '080000');
INSERT INTO provincias VALUES ('081100', 'PAUCARTAMBO', '080000');
INSERT INTO provincias VALUES ('081200', 'QUISPICANCHI', '080000');
INSERT INTO provincias VALUES ('081300', 'URUBAMBA', '080000');
INSERT INTO provincias VALUES ('090100', 'HUANCAVELICA', '090000');
INSERT INTO provincias VALUES ('090200', 'ACOBAMBA', '090000');
INSERT INTO provincias VALUES ('090300', 'ANGARAES', '090000');
INSERT INTO provincias VALUES ('090400', 'CASTROVIRREYNA', '090000');
INSERT INTO provincias VALUES ('090500', 'CHURCAMPA', '090000');
INSERT INTO provincias VALUES ('090600', 'HUAYTARA', '090000');
INSERT INTO provincias VALUES ('090700', 'TAYACAJA', '090000');
INSERT INTO provincias VALUES ('100100', 'HUANUCO', '100000');
INSERT INTO provincias VALUES ('100200', 'AMBO', '100000');
INSERT INTO provincias VALUES ('100300', 'DOS DE MAYO', '100000');
INSERT INTO provincias VALUES ('100400', 'HUACAYBAMBA', '100000');
INSERT INTO provincias VALUES ('100500', 'HUAMALIES', '100000');
INSERT INTO provincias VALUES ('100600', 'LEONCIO PRADO', '100000');
INSERT INTO provincias VALUES ('100700', 'MARA??ON', '100000');
INSERT INTO provincias VALUES ('100800', 'PACHITEA', '100000');
INSERT INTO provincias VALUES ('100900', 'PUERTO INCA', '100000');
INSERT INTO provincias VALUES ('101000', 'LAURICOCHA', '100000');
INSERT INTO provincias VALUES ('101100', 'YAROWILCA', '100000');
INSERT INTO provincias VALUES ('110100', 'ICA', '110000');
INSERT INTO provincias VALUES ('110200', 'CHINCHA', '110000');
INSERT INTO provincias VALUES ('110300', 'NAZCA', '110000');
INSERT INTO provincias VALUES ('110400', 'PALPA', '110000');
INSERT INTO provincias VALUES ('110500', 'PISCO', '110000');
INSERT INTO provincias VALUES ('120100', 'HUANCAYO', '120000');
INSERT INTO provincias VALUES ('120200', 'CONCEPCION', '120000');
INSERT INTO provincias VALUES ('120300', 'CHANCHAMAYO', '120000');
INSERT INTO provincias VALUES ('120400', 'JAUJA', '120000');
INSERT INTO provincias VALUES ('120500', 'JUNIN', '120000');
INSERT INTO provincias VALUES ('120600', 'SATIPO', '120000');
INSERT INTO provincias VALUES ('120700', 'TARMA', '120000');
INSERT INTO provincias VALUES ('120800', 'YAULI', '120000');
INSERT INTO provincias VALUES ('120900', 'CHUPACA', '120000');
INSERT INTO provincias VALUES ('130100', 'TRUJILLO', '130000');
INSERT INTO provincias VALUES ('130200', 'ASCOPE', '130000');
INSERT INTO provincias VALUES ('130300', 'BOLIVAR', '130000');
INSERT INTO provincias VALUES ('130400', 'CHEPEN', '130000');
INSERT INTO provincias VALUES ('130500', 'JULCAN', '130000');
INSERT INTO provincias VALUES ('130600', 'OTUZCO', '130000');
INSERT INTO provincias VALUES ('130700', 'PACASMAYO', '130000');
INSERT INTO provincias VALUES ('130800', 'PATAZ', '130000');
INSERT INTO provincias VALUES ('130900', 'SANCHEZ CARRION', '130000');
INSERT INTO provincias VALUES ('131000', 'SANTIAGO DE CHUCO', '130000');
INSERT INTO provincias VALUES ('131100', 'GRAN CHIMU', '130000');
INSERT INTO provincias VALUES ('131200', 'VIRU', '130000');
INSERT INTO provincias VALUES ('140100', 'CHICLAYO', '140000');
INSERT INTO provincias VALUES ('140200', 'FERRE??AFE', '140000');
INSERT INTO provincias VALUES ('140300', 'LAMBAYEQUE', '140000');
INSERT INTO provincias VALUES ('150100', 'LIMA', '150000');
INSERT INTO provincias VALUES ('150200', 'BARRANCA', '150000');
INSERT INTO provincias VALUES ('150300', 'CAJATAMBO', '150000');
INSERT INTO provincias VALUES ('150400', 'CANTA', '150000');
INSERT INTO provincias VALUES ('150500', 'CA??ETE', '150000');
INSERT INTO provincias VALUES ('150600', 'HUARAL', '150000');
INSERT INTO provincias VALUES ('150700', 'HUAROCHIRI', '150000');
INSERT INTO provincias VALUES ('150800', 'HUAURA', '150000');
INSERT INTO provincias VALUES ('150900', 'OYON', '150000');
INSERT INTO provincias VALUES ('151000', 'YAUYOS', '150000');
INSERT INTO provincias VALUES ('160100', 'MAYNAS', '160000');
INSERT INTO provincias VALUES ('160200', 'ALTO AMAZONAS', '160000');
INSERT INTO provincias VALUES ('160300', 'LORETO', '160000');
INSERT INTO provincias VALUES ('160400', 'MARISCAL RAMON CASTILLA', '160000');
INSERT INTO provincias VALUES ('160500', 'REQUENA', '160000');
INSERT INTO provincias VALUES ('160600', 'UCAYALI', '160000');
INSERT INTO provincias VALUES ('170100', 'TAMBOPATA', '170000');
INSERT INTO provincias VALUES ('170200', 'MANU', '170000');
INSERT INTO provincias VALUES ('170300', 'TAHUAMANU', '170000');
INSERT INTO provincias VALUES ('180100', 'MARISCAL NIETO', '180000');
INSERT INTO provincias VALUES ('180200', 'GENERAL SANCHEZ CERRO', '180000');
INSERT INTO provincias VALUES ('180300', 'ILO', '180000');
INSERT INTO provincias VALUES ('190100', 'PASCO', '190000');
INSERT INTO provincias VALUES ('190200', 'DANIEL ALCIDES CARRION', '190000');
INSERT INTO provincias VALUES ('190300', 'OXAPAMPA', '190000');
INSERT INTO provincias VALUES ('200100', 'PIURA', '200000');
INSERT INTO provincias VALUES ('200200', 'AYABACA', '200000');
INSERT INTO provincias VALUES ('200300', 'HUANCABAMBA', '200000');
INSERT INTO provincias VALUES ('200400', 'MORROPON', '200000');
INSERT INTO provincias VALUES ('200500', 'PAITA', '200000');
INSERT INTO provincias VALUES ('200600', 'SULLANA', '200000');
INSERT INTO provincias VALUES ('200700', 'TALARA', '200000');
INSERT INTO provincias VALUES ('200800', 'SECHURA', '200000');
INSERT INTO provincias VALUES ('210100', 'PUNO', '210000');
INSERT INTO provincias VALUES ('210200', 'AZANGARO', '210000');
INSERT INTO provincias VALUES ('210300', 'CARABAYA', '210000');
INSERT INTO provincias VALUES ('210400', 'CHUCUITO', '210000');
INSERT INTO provincias VALUES ('210500', 'EL COLLAO', '210000');
INSERT INTO provincias VALUES ('210600', 'HUANCANE', '210000');
INSERT INTO provincias VALUES ('210700', 'LAMPA', '210000');
INSERT INTO provincias VALUES ('210800', 'MELGAR', '210000');
INSERT INTO provincias VALUES ('210900', 'MOHO', '210000');
INSERT INTO provincias VALUES ('211000', 'SAN ANTONIO DE PUTINA', '210000');
INSERT INTO provincias VALUES ('211100', 'SAN ROMAN', '210000');
INSERT INTO provincias VALUES ('211200', 'SANDIA', '210000');
INSERT INTO provincias VALUES ('211300', 'YUNGUYO', '210000');
INSERT INTO provincias VALUES ('220100', 'MOYOBAMBA', '220000');
INSERT INTO provincias VALUES ('220200', 'BELLAVISTA', '220000');
INSERT INTO provincias VALUES ('220300', 'EL DORADO', '220000');
INSERT INTO provincias VALUES ('220400', 'HUALLAGA', '220000');
INSERT INTO provincias VALUES ('220500', 'LAMAS', '220000');
INSERT INTO provincias VALUES ('220600', 'MARISCAL CACERES', '220000');
INSERT INTO provincias VALUES ('220700', 'PICOTA', '220000');
INSERT INTO provincias VALUES ('220800', 'RIOJA', '220000');
INSERT INTO provincias VALUES ('220900', 'SAN MARTIN', '220000');
INSERT INTO provincias VALUES ('221000', 'TOCACHE', '220000');
INSERT INTO provincias VALUES ('230100', 'TACNA', '230000');
INSERT INTO provincias VALUES ('230200', 'CANDARAVE', '230000');
INSERT INTO provincias VALUES ('230300', 'JORGE BASADRE', '230000');
INSERT INTO provincias VALUES ('230400', 'TARATA', '230000');
INSERT INTO provincias VALUES ('240100', 'TUMBES', '240000');
INSERT INTO provincias VALUES ('240200', 'CONTRALMIRANTE VILLAR', '240000');
INSERT INTO provincias VALUES ('240300', 'ZARUMILLA', '240000');
INSERT INTO provincias VALUES ('250100', 'CORONEL PORTILLO', '250000');
INSERT INTO provincias VALUES ('250200', 'ATALAYA', '250000');
INSERT INTO provincias VALUES ('250300', 'PADRE ABAD', '250000');
INSERT INTO provincias VALUES ('250400', 'PURUS', '250000');
INSERT INTO provincias VALUES ('250401', 'PURUS', '250000');
INSERT INTO provincias VALUES ('250402', 'Provincia no Registrada', '260000');
go

-- INSERTAR DISTRITOS POR PROVINCIAS
INSERT INTO distritos VALUES ('010101', 'CHACHAPOYAS', '010100');
INSERT INTO distritos VALUES ('010102', 'ASUNCION', '010100');
INSERT INTO distritos VALUES ('010103', 'BALSAS', '010100');
INSERT INTO distritos VALUES ('010104', 'CHETO', '010100');
INSERT INTO distritos VALUES ('010105', 'CHILIQUIN', '010100');
INSERT INTO distritos VALUES ('010106', 'CHUQUIBAMBA', '010100');
INSERT INTO distritos VALUES ('010107', 'GRANADA', '010100');
INSERT INTO distritos VALUES ('010108', 'HUANCAS', '010100');
INSERT INTO distritos VALUES ('010109', 'LA JALCA', '010100');
INSERT INTO distritos VALUES ('010110', 'LEIMEBAMBA', '010100');
INSERT INTO distritos VALUES ('010111', 'LEVANTO', '010100');
INSERT INTO distritos VALUES ('010112', 'MAGDALENA', '010100');
INSERT INTO distritos VALUES ('010113', 'MARISCAL CASTILLA', '010100');
INSERT INTO distritos VALUES ('010114', 'MOLINOPAMPA', '010100');
INSERT INTO distritos VALUES ('010115', 'MONTEVIDEO', '010100');
INSERT INTO distritos VALUES ('010116', 'OLLEROS', '010100');
INSERT INTO distritos VALUES ('010117', 'QUINJALCA', '010100');
INSERT INTO distritos VALUES ('010118', 'SAN FRANCISCO DE DAGUAS', '010100');
INSERT INTO distritos VALUES ('010119', 'SAN ISIDRO DE MAINO', '010100');
INSERT INTO distritos VALUES ('010120', 'SOLOCO', '010100');
INSERT INTO distritos VALUES ('010121', 'SONCHE', '010100');
INSERT INTO distritos VALUES ('010201', 'LA PECA', '010200');
INSERT INTO distritos VALUES ('010202', 'ARAMANGO', '010200');
INSERT INTO distritos VALUES ('010203', 'COPALLIN', '010200');
INSERT INTO distritos VALUES ('010204', 'EL PARCO', '010200');
INSERT INTO distritos VALUES ('010205', 'IMAZA', '010200');
INSERT INTO distritos VALUES ('010301', 'JUMBILLA', '010300');
INSERT INTO distritos VALUES ('010302', 'CHISQUILLA', '010300');
INSERT INTO distritos VALUES ('010303', 'CHURUJA', '010300');
INSERT INTO distritos VALUES ('010304', 'COROSHA', '010300');
INSERT INTO distritos VALUES ('010305', 'CUISPES', '010300');
INSERT INTO distritos VALUES ('010306', 'FLORIDA', '010300');
INSERT INTO distritos VALUES ('010307', 'JAZAN', '010300');
INSERT INTO distritos VALUES ('010308', 'RECTA', '010300');
INSERT INTO distritos VALUES ('010309', 'SAN CARLOS', '010300');
INSERT INTO distritos VALUES ('010310', 'SHIPASBAMBA', '010300');
INSERT INTO distritos VALUES ('010311', 'VALERA', '010300');
INSERT INTO distritos VALUES ('010312', 'YAMBRASBAMBA', '010300');
INSERT INTO distritos VALUES ('010401', 'NIEVA', '010400');
INSERT INTO distritos VALUES ('010402', 'EL CENEPA', '010400');
INSERT INTO distritos VALUES ('010403', 'RIO SANTIAGO', '010400');
INSERT INTO distritos VALUES ('010501', 'LAMUD', '010500');
INSERT INTO distritos VALUES ('010502', 'CAMPORREDONDO', '010500');
INSERT INTO distritos VALUES ('010503', 'COCABAMBA', '010500');
INSERT INTO distritos VALUES ('010504', 'COLCAMAR', '010500');
INSERT INTO distritos VALUES ('010505', 'CONILA', '010500');
INSERT INTO distritos VALUES ('010506', 'INGUILPATA', '010500');
INSERT INTO distritos VALUES ('010507', 'LONGUITA', '010500');
INSERT INTO distritos VALUES ('010508', 'LONYA CHICO', '010500');
INSERT INTO distritos VALUES ('010509', 'LUYA', '010500');
INSERT INTO distritos VALUES ('010510', 'LUYA VIEJO', '010500');
INSERT INTO distritos VALUES ('010511', 'MARIA', '010500');
INSERT INTO distritos VALUES ('010512', 'OCALLI', '010500');
INSERT INTO distritos VALUES ('010513', 'OCUMAL', '010500');
INSERT INTO distritos VALUES ('010514', 'PISUQUIA', '010500');
INSERT INTO distritos VALUES ('010515', 'PROVIDENCIA', '010500');
INSERT INTO distritos VALUES ('010516', 'SAN CRISTOBAL', '010500');
INSERT INTO distritos VALUES ('010517', 'SAN FRANCISCO DEL YESO', '010500');
INSERT INTO distritos VALUES ('010518', 'SAN JERONIMO', '010500');
INSERT INTO distritos VALUES ('010519', 'SAN JUAN DE LOPECANCHA', '010500');
INSERT INTO distritos VALUES ('010520', 'SANTA CATALINA', '010500');
INSERT INTO distritos VALUES ('010521', 'SANTO TOMAS', '010500');
INSERT INTO distritos VALUES ('010522', 'TINGO', '010500');
INSERT INTO distritos VALUES ('010523', 'TRITA', '010500');
INSERT INTO distritos VALUES ('010601', 'SAN NICOLAS', '010600');
INSERT INTO distritos VALUES ('010602', 'CHIRIMOTO', '010600');
INSERT INTO distritos VALUES ('010603', 'COCHAMAL', '010600');
INSERT INTO distritos VALUES ('010604', 'HUAMBO', '010600');
INSERT INTO distritos VALUES ('010605', 'LIMABAMBA', '010600');
INSERT INTO distritos VALUES ('010606', 'LONGAR', '010600');
INSERT INTO distritos VALUES ('010607', 'MARISCAL BENAVIDES', '010600');
INSERT INTO distritos VALUES ('010608', 'MILPUC', '010600');
INSERT INTO distritos VALUES ('010609', 'OMIA', '010600');
INSERT INTO distritos VALUES ('010610', 'SANTA ROSA', '010600');
INSERT INTO distritos VALUES ('010611', 'TOTORA', '010600');
INSERT INTO distritos VALUES ('010612', 'VISTA ALEGRE', '010600');
INSERT INTO distritos VALUES ('010701', 'BAGUA GRANDE', '010700');
INSERT INTO distritos VALUES ('010702', 'CAJARURO', '010700');
INSERT INTO distritos VALUES ('010703', 'CUMBA', '010700');
INSERT INTO distritos VALUES ('010704', 'EL MILAGRO', '010700');
INSERT INTO distritos VALUES ('010705', 'JAMALCA', '010700');
INSERT INTO distritos VALUES ('010706', 'LONYA GRANDE', '010700');
INSERT INTO distritos VALUES ('010707', 'YAMON', '010700');
INSERT INTO distritos VALUES ('020101', 'HUARAZ', '020100');
INSERT INTO distritos VALUES ('020102', 'COCHABAMBA', '020100');
INSERT INTO distritos VALUES ('020103', 'COLCABAMBA', '020100');
INSERT INTO distritos VALUES ('020104', 'HUANCHAY', '020100');
INSERT INTO distritos VALUES ('020105', 'INDEPENDENCIA', '020100');
INSERT INTO distritos VALUES ('020106', 'JANGAS', '020100');
INSERT INTO distritos VALUES ('020107', 'LA LIBERTAD', '020100');
INSERT INTO distritos VALUES ('020108', 'OLLEROS', '020100');
INSERT INTO distritos VALUES ('020109', 'PAMPAS', '020100');
INSERT INTO distritos VALUES ('020110', 'PARIACOTO', '020100');
INSERT INTO distritos VALUES ('020111', 'PIRA', '020100');
INSERT INTO distritos VALUES ('020112', 'TARICA', '020100');
INSERT INTO distritos VALUES ('020201', 'AIJA', '020200');
INSERT INTO distritos VALUES ('020202', 'CORIS', '020200');
INSERT INTO distritos VALUES ('020203', 'HUACLLAN', '020200');
INSERT INTO distritos VALUES ('020204', 'LA MERCED', '020200');
INSERT INTO distritos VALUES ('020205', 'SUCCHA', '020200');
INSERT INTO distritos VALUES ('020301', 'LLAMELLIN', '020300');
INSERT INTO distritos VALUES ('020302', 'ACZO', '020300');
INSERT INTO distritos VALUES ('020303', 'CHACCHO', '020300');
INSERT INTO distritos VALUES ('020304', 'CHINGAS', '020300');
INSERT INTO distritos VALUES ('020305', 'MIRGAS', '020300');
INSERT INTO distritos VALUES ('020306', 'SAN JUAN DE RONTOY', '020300');
INSERT INTO distritos VALUES ('020401', 'CHACAS', '020400');
INSERT INTO distritos VALUES ('020402', 'ACOCHACA', '020400');
INSERT INTO distritos VALUES ('020501', 'CHIQUIAN', '020500');
INSERT INTO distritos VALUES ('020502', 'ABELARDO PARDO LEZAMETA', '020500');
INSERT INTO distritos VALUES ('020503', 'ANTONIO RAYMONDI', '020500');
INSERT INTO distritos VALUES ('020504', 'AQUIA', '020500');
INSERT INTO distritos VALUES ('020505', 'CAJACAY', '020500');
INSERT INTO distritos VALUES ('020506', 'CANIS', '020500');
INSERT INTO distritos VALUES ('020507', 'COLQUIOC', '020500');
INSERT INTO distritos VALUES ('020508', 'HUALLANCA', '020500');
INSERT INTO distritos VALUES ('020509', 'HUASTA', '020500');
INSERT INTO distritos VALUES ('020510', 'HUAYLLACAYAN', '020500');
INSERT INTO distritos VALUES ('020511', 'LA PRIMAVERA', '020500');
INSERT INTO distritos VALUES ('020512', 'MANGAS', '020500');
INSERT INTO distritos VALUES ('020513', 'PACLLON', '020500');
INSERT INTO distritos VALUES ('020514', 'SAN MIGUEL DE CORPANQUI', '020500');
INSERT INTO distritos VALUES ('020515', 'TICLLOS', '020500');
INSERT INTO distritos VALUES ('020601', 'CARHUAZ', '020600');
INSERT INTO distritos VALUES ('020602', 'ACOPAMPA', '020600');
INSERT INTO distritos VALUES ('020603', 'AMASHCA', '020600');
INSERT INTO distritos VALUES ('020604', 'ANTA', '020600');
INSERT INTO distritos VALUES ('020605', 'ATAQUERO', '020600');
INSERT INTO distritos VALUES ('020606', 'MARCARA', '020600');
INSERT INTO distritos VALUES ('020607', 'PARIAHUANCA', '020600');
INSERT INTO distritos VALUES ('020608', 'SAN MIGUEL DE ACO', '020600');
INSERT INTO distritos VALUES ('020609', 'SHILLA', '020600');
INSERT INTO distritos VALUES ('020610', 'TINCO', '020600');
INSERT INTO distritos VALUES ('020611', 'YUNGAR', '020600');
INSERT INTO distritos VALUES ('020701', 'SAN LUIS', '020700');
INSERT INTO distritos VALUES ('020702', 'SAN NICOLAS', '020700');
INSERT INTO distritos VALUES ('020703', 'YAUYA', '020700');
INSERT INTO distritos VALUES ('020801', 'CASMA', '020800');
INSERT INTO distritos VALUES ('020802', 'BUENA VISTA ALTA', '020800');
INSERT INTO distritos VALUES ('020803', 'COMANDANTE NOEL', '020800');
INSERT INTO distritos VALUES ('020804', 'YAUTAN', '020800');
INSERT INTO distritos VALUES ('020901', 'CORONGO', '020900');
INSERT INTO distritos VALUES ('020902', 'ACO', '020900');
INSERT INTO distritos VALUES ('020903', 'BAMBAS', '020900');
INSERT INTO distritos VALUES ('020904', 'CUSCA', '020900');
INSERT INTO distritos VALUES ('020905', 'LA PAMPA', '020900');
INSERT INTO distritos VALUES ('020906', 'YANAC', '020900');
INSERT INTO distritos VALUES ('020907', 'YUPAN', '020900');
INSERT INTO distritos VALUES ('021001', 'HUARI', '021000');
INSERT INTO distritos VALUES ('021002', 'ANRA', '021000');
INSERT INTO distritos VALUES ('021003', 'CAJAY', '021000');
INSERT INTO distritos VALUES ('021004', 'CHAVIN DE HUANTAR', '021000');
INSERT INTO distritos VALUES ('021005', 'HUACACHI', '021000');
INSERT INTO distritos VALUES ('021006', 'HUACCHIS', '021000');
INSERT INTO distritos VALUES ('021007', 'HUACHIS', '021000');
INSERT INTO distritos VALUES ('021008', 'HUANTAR', '021000');
INSERT INTO distritos VALUES ('021009', 'MASIN', '021000');
INSERT INTO distritos VALUES ('021010', 'PAUCAS', '021000');
INSERT INTO distritos VALUES ('021011', 'PONTO', '021000');
INSERT INTO distritos VALUES ('021012', 'RAHUAPAMPA', '021000');
INSERT INTO distritos VALUES ('021013', 'RAPAYAN', '021000');
INSERT INTO distritos VALUES ('021014', 'SAN MARCOS', '021000');
INSERT INTO distritos VALUES ('021015', 'SAN PEDRO DE CHANA', '021000');
INSERT INTO distritos VALUES ('021016', 'UCO', '021000');
INSERT INTO distritos VALUES ('021101', 'HUARMEY', '021100');
INSERT INTO distritos VALUES ('021102', 'COCHAPETI', '021100');
INSERT INTO distritos VALUES ('021103', 'CULEBRAS', '021100');
INSERT INTO distritos VALUES ('021104', 'HUAYAN', '021100');
INSERT INTO distritos VALUES ('021105', 'MALVAS', '021100');
INSERT INTO distritos VALUES ('021201', 'CARAZ', '021200');
INSERT INTO distritos VALUES ('021202', 'HUALLANCA', '021200');
INSERT INTO distritos VALUES ('021203', 'HUATA', '021200');
INSERT INTO distritos VALUES ('021204', 'HUAYLAS', '021200');
INSERT INTO distritos VALUES ('021205', 'MATO', '021200');
INSERT INTO distritos VALUES ('021206', 'PAMPAROMAS', '021200');
INSERT INTO distritos VALUES ('021207', 'PUEBLO LIBRE', '021200');
INSERT INTO distritos VALUES ('021208', 'SANTA CRUZ', '021200');
INSERT INTO distritos VALUES ('021209', 'SANTO TORIBIO', '021200');
INSERT INTO distritos VALUES ('021210', 'YURACMARCA', '021200');
INSERT INTO distritos VALUES ('021301', 'PISCOBAMBA', '021300');
INSERT INTO distritos VALUES ('021302', 'CASCA', '021300');
INSERT INTO distritos VALUES ('021303', 'ELEAZAR GUZMAN BARRON', '021300');
INSERT INTO distritos VALUES ('021304', 'FIDEL OLIVAS ESCUDERO', '021300');
INSERT INTO distritos VALUES ('021305', 'LLAMA', '021300');
INSERT INTO distritos VALUES ('021306', 'LLUMPA', '021300');
INSERT INTO distritos VALUES ('021307', 'LUCMA', '021300');
INSERT INTO distritos VALUES ('021308', 'MUSGA', '021300');
INSERT INTO distritos VALUES ('021401', 'OCROS', '021400');
INSERT INTO distritos VALUES ('021402', 'ACAS', '021400');
INSERT INTO distritos VALUES ('021403', 'CAJAMARQUILLA', '021400');
INSERT INTO distritos VALUES ('021404', 'CARHUAPAMPA', '021400');
INSERT INTO distritos VALUES ('021405', 'COCHAS', '021400');
INSERT INTO distritos VALUES ('021406', 'CONGAS', '021400');
INSERT INTO distritos VALUES ('021407', 'LLIPA', '021400');
INSERT INTO distritos VALUES ('021408', 'SAN CRISTOBAL DE RAJAN', '021400');
INSERT INTO distritos VALUES ('021409', 'SAN PEDRO', '021400');
INSERT INTO distritos VALUES ('021410', 'SANTIAGO DE CHILCAS', '021400');
INSERT INTO distritos VALUES ('021501', 'CABANA', '021500');
INSERT INTO distritos VALUES ('021502', 'BOLOGNESI', '021500');
INSERT INTO distritos VALUES ('021503', 'CONCHUCOS', '021500');
INSERT INTO distritos VALUES ('021504', 'HUACASCHUQUE', '021500');
INSERT INTO distritos VALUES ('021505', 'HUANDOVAL', '021500');
INSERT INTO distritos VALUES ('021506', 'LACABAMBA', '021500');
INSERT INTO distritos VALUES ('021507', 'LLAPO', '021500');
INSERT INTO distritos VALUES ('021508', 'PALLASCA', '021500');
INSERT INTO distritos VALUES ('021509', 'PAMPAS', '021500');
INSERT INTO distritos VALUES ('021510', 'SANTA ROSA', '021500');
INSERT INTO distritos VALUES ('021511', 'TAUCA', '021500');
INSERT INTO distritos VALUES ('021601', 'POMABAMBA', '021600');
INSERT INTO distritos VALUES ('021602', 'HUAYLLAN', '021600');
INSERT INTO distritos VALUES ('021603', 'PAROBAMBA', '021600');
INSERT INTO distritos VALUES ('021604', 'QUINUABAMBA', '021600');
INSERT INTO distritos VALUES ('021701', 'RECUAY', '021700');
INSERT INTO distritos VALUES ('021702', 'CATAC', '021700');
INSERT INTO distritos VALUES ('021703', 'COTAPARACO', '021700');
INSERT INTO distritos VALUES ('021704', 'HUAYLLAPAMPA', '021700');
INSERT INTO distritos VALUES ('021705', 'LLACLLIN', '021700');
INSERT INTO distritos VALUES ('021706', 'MARCA', '021700');
INSERT INTO distritos VALUES ('021707', 'PAMPAS CHICO', '021700');
INSERT INTO distritos VALUES ('021708', 'PARARIN', '021700');
INSERT INTO distritos VALUES ('021709', 'TAPACOCHA', '021700');
INSERT INTO distritos VALUES ('021710', 'TICAPAMPA', '021700');
INSERT INTO distritos VALUES ('021801', 'CHIMBOTE', '021800');
INSERT INTO distritos VALUES ('021802', 'CACERES DEL PERU', '021800');
INSERT INTO distritos VALUES ('021803', 'COISHCO', '021800');
INSERT INTO distritos VALUES ('021804', 'MACATE', '021800');
INSERT INTO distritos VALUES ('021805', 'MORO', '021800');
INSERT INTO distritos VALUES ('021806', 'NEPEÂ¥A', '021800');
INSERT INTO distritos VALUES ('021807', 'SAMANCO', '021800');
INSERT INTO distritos VALUES ('021808', 'SANTA', '021800');
INSERT INTO distritos VALUES ('021809', 'NUEVO CHIMBOTE', '021800');
INSERT INTO distritos VALUES ('021901', 'SIHUAS', '021900');
INSERT INTO distritos VALUES ('021902', 'ACOBAMBA', '021900');
INSERT INTO distritos VALUES ('021903', 'ALFONSO UGARTE', '021900');
INSERT INTO distritos VALUES ('021904', 'CASHAPAMPA', '021900');
INSERT INTO distritos VALUES ('021905', 'CHINGALPO', '021900');
INSERT INTO distritos VALUES ('021906', 'HUAYLLABAMBA', '021900');
INSERT INTO distritos VALUES ('021907', 'QUICHES', '021900');
INSERT INTO distritos VALUES ('021908', 'RAGASH', '021900');
INSERT INTO distritos VALUES ('021909', 'SAN JUAN', '021900');
INSERT INTO distritos VALUES ('021910', 'SICSIBAMBA', '021900');
INSERT INTO distritos VALUES ('022001', 'YUNGAY', '022000');
INSERT INTO distritos VALUES ('022002', 'CASCAPARA', '022000');
INSERT INTO distritos VALUES ('022003', 'MANCOS', '022000');
INSERT INTO distritos VALUES ('022004', 'MATACOTO', '022000');
INSERT INTO distritos VALUES ('022005', 'QUILLO', '022000');
INSERT INTO distritos VALUES ('022006', 'RANRAHIRCA', '022000');
INSERT INTO distritos VALUES ('022007', 'SHUPLUY', '022000');
INSERT INTO distritos VALUES ('022008', 'YANAMA', '022000');
INSERT INTO distritos VALUES ('030101', 'ABANCAY', '030100');
INSERT INTO distritos VALUES ('030102', 'CHACOCHE', '030100');
INSERT INTO distritos VALUES ('030103', 'CIRCA', '030100');
INSERT INTO distritos VALUES ('030104', 'CURAHUASI', '030100');
INSERT INTO distritos VALUES ('030105', 'HUANIPACA', '030100');
INSERT INTO distritos VALUES ('030106', 'LAMBRAMA', '030100');
INSERT INTO distritos VALUES ('030107', 'PICHIRHUA', '030100');
INSERT INTO distritos VALUES ('030108', 'SAN PEDRO DE CACHORA', '030100');
INSERT INTO distritos VALUES ('030109', 'TAMBURCO', '030100');
INSERT INTO distritos VALUES ('030201', 'ANDAHUAYLAS', '030200');
INSERT INTO distritos VALUES ('030202', 'ANDARAPA', '030200');
INSERT INTO distritos VALUES ('030203', 'CHIARA', '030200');
INSERT INTO distritos VALUES ('030204', 'HUANCARAMA', '030200');
INSERT INTO distritos VALUES ('030205', 'HUANCARAY', '030200');
INSERT INTO distritos VALUES ('030206', 'HUAYANA', '030200');
INSERT INTO distritos VALUES ('030207', 'KISHUARA', '030200');
INSERT INTO distritos VALUES ('030208', 'PACOBAMBA', '030200');
INSERT INTO distritos VALUES ('030209', 'PACUCHA', '030200');
INSERT INTO distritos VALUES ('030210', 'PAMPACHIRI', '030200');
INSERT INTO distritos VALUES ('030211', 'POMACOCHA', '030200');
INSERT INTO distritos VALUES ('030212', 'SAN ANTONIO DE CACHI', '030200');
INSERT INTO distritos VALUES ('030213', 'SAN JERONIMO', '030200');
INSERT INTO distritos VALUES ('030214', 'SAN MIGUEL DE CHACCRAMPA', '030200');
INSERT INTO distritos VALUES ('030215', 'SANTA MARIA DE CHICMO', '030200');
INSERT INTO distritos VALUES ('030216', 'TALAVERA', '030200');
INSERT INTO distritos VALUES ('030217', 'TUMAY HUARACA', '030200');
INSERT INTO distritos VALUES ('030218', 'TURPO', '030200');
INSERT INTO distritos VALUES ('030219', 'KAQUIABAMBA', '030200');
INSERT INTO distritos VALUES ('030301', 'ANTABAMBA', '030300');
INSERT INTO distritos VALUES ('030302', 'EL ORO', '030300');
INSERT INTO distritos VALUES ('030303', 'HUAQUIRCA', '030300');
INSERT INTO distritos VALUES ('030304', 'JUAN ESPINOZA MEDRANO', '030300');
INSERT INTO distritos VALUES ('030305', 'OROPESA', '030300');
INSERT INTO distritos VALUES ('030306', 'PACHACONAS', '030300');
INSERT INTO distritos VALUES ('030307', 'SABAINO', '030300');
INSERT INTO distritos VALUES ('030401', 'CHALHUANCA', '030400');
INSERT INTO distritos VALUES ('030402', 'CAPAYA', '030400');
INSERT INTO distritos VALUES ('030403', 'CARAYBAMBA', '030400');
INSERT INTO distritos VALUES ('030404', 'CHAPIMARCA', '030400');
INSERT INTO distritos VALUES ('030405', 'COLCABAMBA', '030400');
INSERT INTO distritos VALUES ('030406', 'COTARUSE', '030400');
INSERT INTO distritos VALUES ('030407', 'HUAYLLO', '030400');
INSERT INTO distritos VALUES ('030408', 'JUSTO APU SAHUARAURA', '030400');
INSERT INTO distritos VALUES ('030409', 'LUCRE', '030400');
INSERT INTO distritos VALUES ('030410', 'POCOHUANCA', '030400');
INSERT INTO distritos VALUES ('030411', 'SAN JUAN DE CHACÂ¥A', '030400');
INSERT INTO distritos VALUES ('030412', 'SAÂ¥AYCA', '030400');
INSERT INTO distritos VALUES ('030413', 'SORAYA', '030400');
INSERT INTO distritos VALUES ('030414', 'TAPAIRIHUA', '030400');
INSERT INTO distritos VALUES ('030415', 'TINTAY', '030400');
INSERT INTO distritos VALUES ('030416', 'TORAYA', '030400');
INSERT INTO distritos VALUES ('030417', 'YANACA', '030400');
INSERT INTO distritos VALUES ('030501', 'TAMBOBAMBA', '030500');
INSERT INTO distritos VALUES ('030502', 'COTABAMBAS', '030500');
INSERT INTO distritos VALUES ('030503', 'COYLLURQUI', '030500');
INSERT INTO distritos VALUES ('030504', 'HAQUIRA', '030500');
INSERT INTO distritos VALUES ('030505', 'MARA', '030500');
INSERT INTO distritos VALUES ('030506', 'CHALLHUAHUACHO', '030500');
INSERT INTO distritos VALUES ('030601', 'CHINCHEROS', '030600');
INSERT INTO distritos VALUES ('030602', 'ANCO-HUALLO', '030600');
INSERT INTO distritos VALUES ('030603', 'COCHARCAS', '030600');
INSERT INTO distritos VALUES ('030604', 'HUACCANA', '030600');
INSERT INTO distritos VALUES ('030605', 'OCOBAMBA', '030600');
INSERT INTO distritos VALUES ('030606', 'ONGOY', '030600');
INSERT INTO distritos VALUES ('030607', 'URANMARCA', '030600');
INSERT INTO distritos VALUES ('030608', 'RANRACANCHA', '030600');
INSERT INTO distritos VALUES ('030701', 'CHUQUIBAMBILLA', '030700');
INSERT INTO distritos VALUES ('030702', 'CURPAHUASI', '030700');
INSERT INTO distritos VALUES ('030703', 'GAMARRA', '030700');
INSERT INTO distritos VALUES ('030704', 'HUAYLLATI', '030700');
INSERT INTO distritos VALUES ('030705', 'MAMARA', '030700');
INSERT INTO distritos VALUES ('030706', 'MICAELA BASTIDAS', '030700');
INSERT INTO distritos VALUES ('030707', 'PATAYPAMPA', '030700');
INSERT INTO distritos VALUES ('030708', 'PROGRESO', '030700');
INSERT INTO distritos VALUES ('030709', 'SAN ANTONIO', '030700');
INSERT INTO distritos VALUES ('030710', 'SANTA ROSA', '030700');
INSERT INTO distritos VALUES ('030711', 'TURPAY', '030700');
INSERT INTO distritos VALUES ('030712', 'VILCABAMBA', '030700');
INSERT INTO distritos VALUES ('030713', 'VIRUNDO', '030700');
INSERT INTO distritos VALUES ('030714', 'CURASCO', '030700');
INSERT INTO distritos VALUES ('040101', 'AREQUIPA', '040100');
INSERT INTO distritos VALUES ('040102', 'ALTO SELVA ALEGRE', '040100');
INSERT INTO distritos VALUES ('040103', 'CAYMA', '040100');
INSERT INTO distritos VALUES ('040104', 'CERRO COLORADO', '040100');
INSERT INTO distritos VALUES ('040105', 'CHARACATO', '040100');
INSERT INTO distritos VALUES ('040106', 'CHIGUATA', '040100');
INSERT INTO distritos VALUES ('040107', 'JACOBO HUNTER', '040100');
INSERT INTO distritos VALUES ('040108', 'LA JOYA', '040100');
INSERT INTO distritos VALUES ('040109', 'MARIANO MELGAR', '040100');
INSERT INTO distritos VALUES ('040110', 'MIRAFLORES', '040100');
INSERT INTO distritos VALUES ('040111', 'MOLLEBAYA', '040100');
INSERT INTO distritos VALUES ('040112', 'PAUCARPATA', '040100');
INSERT INTO distritos VALUES ('040113', 'POCSI', '040100');
INSERT INTO distritos VALUES ('040114', 'POLOBAYA', '040100');
INSERT INTO distritos VALUES ('040115', 'QUEQUEÂ¥A', '040100');
INSERT INTO distritos VALUES ('040116', 'SABANDIA', '040100');
INSERT INTO distritos VALUES ('040117', 'SACHACA', '040100');
INSERT INTO distritos VALUES ('040118', 'SAN JUAN DE SIGUAS', '040100');
INSERT INTO distritos VALUES ('040119', 'SAN JUAN DE TARUCANI', '040100');
INSERT INTO distritos VALUES ('040120', 'SANTA ISABEL DE SIGUAS', '040100');
INSERT INTO distritos VALUES ('040121', 'SANTA RITA DE SIGUAS', '040100');
INSERT INTO distritos VALUES ('040122', 'SOCABAYA', '040100');
INSERT INTO distritos VALUES ('040123', 'TIABAYA', '040100');
INSERT INTO distritos VALUES ('040124', 'UCHUMAYO', '040100');
INSERT INTO distritos VALUES ('040125', 'VITOR   1/', '040100');
INSERT INTO distritos VALUES ('040126', 'YANAHUARA', '040100');
INSERT INTO distritos VALUES ('040127', 'YARABAMBA', '040100');
INSERT INTO distritos VALUES ('040128', 'YURA', '040100');
INSERT INTO distritos VALUES ('040129', 'JOSE LUIS BUSTAMANTE Y RIVERO', '040100');
INSERT INTO distritos VALUES ('040201', 'CAMANA', '040200');
INSERT INTO distritos VALUES ('040202', 'JOSE MARIA QUIMPER', '040200');
INSERT INTO distritos VALUES ('040203', 'MARIANO NICOLAS VALCARCEL', '040200');
INSERT INTO distritos VALUES ('040204', 'MARISCAL CACERES', '040200');
INSERT INTO distritos VALUES ('040205', 'NICOLAS DE PIEROLA', '040200');
INSERT INTO distritos VALUES ('040206', 'OCOÂ¥A', '040200');
INSERT INTO distritos VALUES ('040207', 'QUILCA', '040200');
INSERT INTO distritos VALUES ('040208', 'SAMUEL PASTOR', '040200');
INSERT INTO distritos VALUES ('040301', 'CARAVELI', '040300');
INSERT INTO distritos VALUES ('040302', 'ACARI', '040300');
INSERT INTO distritos VALUES ('040303', 'ATICO', '040300');
INSERT INTO distritos VALUES ('040304', 'ATIQUIPA', '040300');
INSERT INTO distritos VALUES ('040305', 'BELLA UNION', '040300');
INSERT INTO distritos VALUES ('040306', 'CAHUACHO', '040300');
INSERT INTO distritos VALUES ('040307', 'CHALA', '040300');
INSERT INTO distritos VALUES ('040308', 'CHAPARRA', '040300');
INSERT INTO distritos VALUES ('040309', 'HUANUHUANU', '040300');
INSERT INTO distritos VALUES ('040310', 'JAQUI', '040300');
INSERT INTO distritos VALUES ('040311', 'LOMAS', '040300');
INSERT INTO distritos VALUES ('040312', 'QUICACHA', '040300');
INSERT INTO distritos VALUES ('040313', 'YAUCA', '040300');
INSERT INTO distritos VALUES ('040401', 'APLAO', '040400');
INSERT INTO distritos VALUES ('040402', 'ANDAGUA', '040400');
INSERT INTO distritos VALUES ('040403', 'AYO', '040400');
INSERT INTO distritos VALUES ('040404', 'CHACHAS', '040400');
INSERT INTO distritos VALUES ('040405', 'CHILCAYMARCA', '040400');
INSERT INTO distritos VALUES ('040406', 'CHOCO', '040400');
INSERT INTO distritos VALUES ('040407', 'HUANCARQUI', '040400');
INSERT INTO distritos VALUES ('040408', 'MACHAGUAY', '040400');
INSERT INTO distritos VALUES ('040409', 'ORCOPAMPA', '040400');
INSERT INTO distritos VALUES ('040410', 'PAMPACOLCA', '040400');
INSERT INTO distritos VALUES ('040411', 'TIPAN', '040400');
INSERT INTO distritos VALUES ('040412', 'UÂ¥ON', '040400');
INSERT INTO distritos VALUES ('040413', 'URACA', '040400');
INSERT INTO distritos VALUES ('040414', 'VIRACO', '040400');
INSERT INTO distritos VALUES ('040501', 'CHIVAY', '040500');
INSERT INTO distritos VALUES ('040502', 'ACHOMA', '040500');
INSERT INTO distritos VALUES ('040503', 'CABANACONDE', '040500');
INSERT INTO distritos VALUES ('040504', 'CALLALLI', '040500');
INSERT INTO distritos VALUES ('040505', 'CAYLLOMA', '040500');
INSERT INTO distritos VALUES ('040506', 'COPORAQUE', '040500');
INSERT INTO distritos VALUES ('040507', 'HUAMBO', '040500');
INSERT INTO distritos VALUES ('040508', 'HUANCA', '040500');
INSERT INTO distritos VALUES ('040509', 'ICHUPAMPA', '040500');
INSERT INTO distritos VALUES ('040510', 'LARI', '040500');
INSERT INTO distritos VALUES ('040511', 'LLUTA', '040500');
INSERT INTO distritos VALUES ('040512', 'MACA', '040500');
INSERT INTO distritos VALUES ('040513', 'MADRIGAL', '040500');
INSERT INTO distritos VALUES ('040514', 'SAN ANTONIO DE CHUCA  2/', '040500');
INSERT INTO distritos VALUES ('040515', 'SIBAYO', '040500');
INSERT INTO distritos VALUES ('040516', 'TAPAY', '040500');
INSERT INTO distritos VALUES ('040517', 'TISCO', '040500');
INSERT INTO distritos VALUES ('040518', 'TUTI', '040500');
INSERT INTO distritos VALUES ('040519', 'YANQUE', '040500');
INSERT INTO distritos VALUES ('040520', 'MAJES', '040500');
INSERT INTO distritos VALUES ('040601', 'CHUQUIBAMBA', '040600');
INSERT INTO distritos VALUES ('040602', 'ANDARAY', '040600');
INSERT INTO distritos VALUES ('040603', 'CAYARANI', '040600');
INSERT INTO distritos VALUES ('040604', 'CHICHAS', '040600');
INSERT INTO distritos VALUES ('040605', 'IRAY', '040600');
INSERT INTO distritos VALUES ('040606', 'RIO GRANDE', '040600');
INSERT INTO distritos VALUES ('040607', 'SALAMANCA', '040600');
INSERT INTO distritos VALUES ('040608', 'YANAQUIHUA', '040600');
INSERT INTO distritos VALUES ('040701', 'MOLLENDO', '040700');
INSERT INTO distritos VALUES ('040702', 'COCACHACRA', '040700');
INSERT INTO distritos VALUES ('040703', 'DEAN VALDIVIA', '040700');
INSERT INTO distritos VALUES ('040704', 'ISLAY', '040700');
INSERT INTO distritos VALUES ('040705', 'MEJIA', '040700');
INSERT INTO distritos VALUES ('040706', 'PUNTA DE BOMBON', '040700');
INSERT INTO distritos VALUES ('040801', 'COTAHUASI', '040800');
INSERT INTO distritos VALUES ('040802', 'ALCA', '040800');
INSERT INTO distritos VALUES ('040803', 'CHARCANA', '040800');
INSERT INTO distritos VALUES ('040804', 'HUAYNACOTAS', '040800');
INSERT INTO distritos VALUES ('040805', 'PAMPAMARCA', '040800');
INSERT INTO distritos VALUES ('040806', 'PUYCA', '040800');
INSERT INTO distritos VALUES ('040807', 'QUECHUALLA', '040800');
INSERT INTO distritos VALUES ('040808', 'SAYLA', '040800');
INSERT INTO distritos VALUES ('040809', 'TAURIA', '040800');
INSERT INTO distritos VALUES ('040810', 'TOMEPAMPA', '040800');
INSERT INTO distritos VALUES ('040811', 'TORO', '040800');
INSERT INTO distritos VALUES ('050101', 'AYACUCHO', '050100');
INSERT INTO distritos VALUES ('050102', 'ACOCRO', '050100');
INSERT INTO distritos VALUES ('050103', 'ACOS VINCHOS', '050100');
INSERT INTO distritos VALUES ('050104', 'CARMEN ALTO', '050100');
INSERT INTO distritos VALUES ('050105', 'CHIARA', '050100');
INSERT INTO distritos VALUES ('050106', 'OCROS', '050100');
INSERT INTO distritos VALUES ('050107', 'PACAYCASA', '050100');
INSERT INTO distritos VALUES ('050108', 'QUINUA', '050100');
INSERT INTO distritos VALUES ('050109', 'SAN JOSE DE TICLLAS', '050100');
INSERT INTO distritos VALUES ('050110', 'SAN JUAN BAUTISTA', '050100');
INSERT INTO distritos VALUES ('050111', 'SANTIAGO DE PISCHA', '050100');
INSERT INTO distritos VALUES ('050112', 'SOCOS', '050100');
INSERT INTO distritos VALUES ('050113', 'TAMBILLO', '050100');
INSERT INTO distritos VALUES ('050114', 'VINCHOS', '050100');
INSERT INTO distritos VALUES ('050115', 'JESUS NAZARENO', '050100');
INSERT INTO distritos VALUES ('050201', 'CANGALLO', '050200');
INSERT INTO distritos VALUES ('050202', 'CHUSCHI', '050200');
INSERT INTO distritos VALUES ('050203', 'LOS MOROCHUCOS', '050200');
INSERT INTO distritos VALUES ('050204', 'MARIA PARADO DE BELLIDO', '050200');
INSERT INTO distritos VALUES ('050205', 'PARAS', '050200');
INSERT INTO distritos VALUES ('050206', 'TOTOS', '050200');
INSERT INTO distritos VALUES ('050301', 'SANCOS', '050300');
INSERT INTO distritos VALUES ('050302', 'CARAPO', '050300');
INSERT INTO distritos VALUES ('050303', 'SACSAMARCA', '050300');
INSERT INTO distritos VALUES ('050304', 'SANTIAGO DE LUCANAMARCA', '050300');
INSERT INTO distritos VALUES ('050401', 'HUANTA', '050400');
INSERT INTO distritos VALUES ('050402', 'AYAHUANCO', '050400');
INSERT INTO distritos VALUES ('050403', 'HUAMANGUILLA', '050400');
INSERT INTO distritos VALUES ('050404', 'IGUAIN', '050400');
INSERT INTO distritos VALUES ('050405', 'LURICOCHA', '050400');
INSERT INTO distritos VALUES ('050406', 'SANTILLANA', '050400');
INSERT INTO distritos VALUES ('050407', 'SIVIA', '050400');
INSERT INTO distritos VALUES ('050408', 'LLOCHEGUA', '050400');
INSERT INTO distritos VALUES ('050501', 'SAN MIGUEL 2', '050500');
INSERT INTO distritos VALUES ('050502', 'ANCO', '050500');
INSERT INTO distritos VALUES ('050503', 'AYNA', '050500');
INSERT INTO distritos VALUES ('050504', 'CHILCAS', '050500');
INSERT INTO distritos VALUES ('050505', 'CHUNGUI', '050500');
INSERT INTO distritos VALUES ('050506', 'LUIS CARRANZA', '050500');
INSERT INTO distritos VALUES ('050507', 'SANTA ROSA', '050500');
INSERT INTO distritos VALUES ('050508', 'TAMBO', '050500');
INSERT INTO distritos VALUES ('050601', 'PUQUIO', '050600');
INSERT INTO distritos VALUES ('050602', 'AUCARA', '050600');
INSERT INTO distritos VALUES ('050603', 'CABANA', '050600');
INSERT INTO distritos VALUES ('050604', 'CARMEN SALCEDO', '050600');
INSERT INTO distritos VALUES ('050605', 'CHAVIÂ¥A', '050600');
INSERT INTO distritos VALUES ('050606', 'CHIPAO', '050600');
INSERT INTO distritos VALUES ('050607', 'HUAC-HUAS', '050600');
INSERT INTO distritos VALUES ('050608', 'LARAMATE', '050600');
INSERT INTO distritos VALUES ('050609', 'LEONCIO PRADO', '050600');
INSERT INTO distritos VALUES ('050610', 'LLAUTA', '050600');
INSERT INTO distritos VALUES ('050611', 'LUCANAS', '050600');
INSERT INTO distritos VALUES ('050612', 'OCAÂ¥A', '050600');
INSERT INTO distritos VALUES ('050613', 'OTOCA', '050600');
INSERT INTO distritos VALUES ('050614', 'SAISA', '050600');
INSERT INTO distritos VALUES ('050615', 'SAN CRISTOBAL', '050600');
INSERT INTO distritos VALUES ('050616', 'SAN JUAN', '050600');
INSERT INTO distritos VALUES ('050617', 'SAN PEDRO', '050600');
INSERT INTO distritos VALUES ('050618', 'SAN PEDRO DE PALCO', '050600');
INSERT INTO distritos VALUES ('050619', 'SANCOS', '050600');
INSERT INTO distritos VALUES ('050620', 'SANTA ANA DE HUAYCAHUACHO', '050600');
INSERT INTO distritos VALUES ('050621', 'SANTA LUCIA', '050600');
INSERT INTO distritos VALUES ('050701', 'CORACORA', '050700');
INSERT INTO distritos VALUES ('050702', 'CHUMPI', '050700');
INSERT INTO distritos VALUES ('050703', 'CORONEL CASTAÂ¥EDA', '050700');
INSERT INTO distritos VALUES ('050704', 'PACAPAUSA', '050700');
INSERT INTO distritos VALUES ('050705', 'PULLO', '050700');
INSERT INTO distritos VALUES ('050706', 'PUYUSCA', '050700');
INSERT INTO distritos VALUES ('050707', 'SAN FRANCISCO DE RAVACAYCO', '050700');
INSERT INTO distritos VALUES ('050708', 'UPAHUACHO', '050700');
INSERT INTO distritos VALUES ('050801', 'PAUSA', '050800');
INSERT INTO distritos VALUES ('050802', 'COLTA', '050800');
INSERT INTO distritos VALUES ('050803', 'CORCULLA', '050800');
INSERT INTO distritos VALUES ('050804', 'LAMPA', '050800');
INSERT INTO distritos VALUES ('050805', 'MARCABAMBA', '050800');
INSERT INTO distritos VALUES ('050806', 'OYOLO', '050800');
INSERT INTO distritos VALUES ('050807', 'PARARCA', '050800');
INSERT INTO distritos VALUES ('050808', 'SAN JAVIER DE ALPABAMBA', '050800');
INSERT INTO distritos VALUES ('050809', 'SAN JOSE DE USHUA', '050800');
INSERT INTO distritos VALUES ('050810', 'SARA SARA', '050800');
INSERT INTO distritos VALUES ('050901', 'QUEROBAMBA', '050900');
INSERT INTO distritos VALUES ('050902', 'BELEN', '050900');
INSERT INTO distritos VALUES ('050903', 'CHALCOS', '050900');
INSERT INTO distritos VALUES ('050904', 'CHILCAYOC', '050900');
INSERT INTO distritos VALUES ('050905', 'HUACAÂ¥A', '050900');
INSERT INTO distritos VALUES ('050906', 'MORCOLLA', '050900');
INSERT INTO distritos VALUES ('050907', 'PAICO', '050900');
INSERT INTO distritos VALUES ('050908', 'SAN PEDRO DE LARCAY', '050900');
INSERT INTO distritos VALUES ('050909', 'SAN SALVADOR DE QUIJE', '050900');
INSERT INTO distritos VALUES ('050910', 'SANTIAGO DE PAUCARAY', '050900');
INSERT INTO distritos VALUES ('050911', 'SORAS', '050900');
INSERT INTO distritos VALUES ('051001', 'HUANCAPI', '051000');
INSERT INTO distritos VALUES ('051002', 'ALCAMENCA', '051000');
INSERT INTO distritos VALUES ('051003', 'APONGO', '051000');
INSERT INTO distritos VALUES ('051004', 'ASQUIPATA', '051000');
INSERT INTO distritos VALUES ('051005', 'CANARIA', '051000');
INSERT INTO distritos VALUES ('051006', 'CAYARA', '051000');
INSERT INTO distritos VALUES ('051007', 'COLCA', '051000');
INSERT INTO distritos VALUES ('051008', 'HUAMANQUIQUIA', '051000');
INSERT INTO distritos VALUES ('051009', 'HUANCARAYLLA', '051000');
INSERT INTO distritos VALUES ('051010', 'HUAYA', '051000');
INSERT INTO distritos VALUES ('051011', 'SARHUA', '051000');
INSERT INTO distritos VALUES ('051012', 'VILCANCHOS', '051000');
INSERT INTO distritos VALUES ('051101', 'VILCAS HUAMAN', '051100');
INSERT INTO distritos VALUES ('051102', 'ACCOMARCA', '051100');
INSERT INTO distritos VALUES ('051103', 'CARHUANCA', '051100');
INSERT INTO distritos VALUES ('051104', 'CONCEPCION', '051100');
INSERT INTO distritos VALUES ('051105', 'HUAMBALPA', '051100');
INSERT INTO distritos VALUES ('051106', 'INDEPENDENCIA', '051100');
INSERT INTO distritos VALUES ('051107', 'SAURAMA', '051100');
INSERT INTO distritos VALUES ('051108', 'VISCHONGO', '051100');
INSERT INTO distritos VALUES ('060101', 'CAJAMARCA', '060100');
INSERT INTO distritos VALUES ('060102', 'ASUNCION', '060100');
INSERT INTO distritos VALUES ('060103', 'CHETILLA', '060100');
INSERT INTO distritos VALUES ('060104', 'COSPAN', '060100');
INSERT INTO distritos VALUES ('060105', 'ENCAÂ¥ADA', '060100');
INSERT INTO distritos VALUES ('060106', 'JESUS', '060100');
INSERT INTO distritos VALUES ('060107', 'LLACANORA', '060100');
INSERT INTO distritos VALUES ('060108', 'LOS BAÂ¥OS DEL INCA', '060100');
INSERT INTO distritos VALUES ('060109', 'MAGDALENA', '060100');
INSERT INTO distritos VALUES ('060110', 'MATARA', '060100');
INSERT INTO distritos VALUES ('060111', 'NAMORA', '060100');
INSERT INTO distritos VALUES ('060112', 'SAN JUAN', '060100');
INSERT INTO distritos VALUES ('060201', 'CAJABAMBA', '060200');
INSERT INTO distritos VALUES ('060202', 'CACHACHI', '060200');
INSERT INTO distritos VALUES ('060203', 'CONDEBAMBA', '060200');
INSERT INTO distritos VALUES ('060204', 'SITACOCHA', '060200');
INSERT INTO distritos VALUES ('060301', 'CELENDIN', '060300');
INSERT INTO distritos VALUES ('060302', 'CHUMUCH', '060300');
INSERT INTO distritos VALUES ('060303', 'CORTEGANA', '060300');
INSERT INTO distritos VALUES ('060304', 'HUASMIN', '060300');
INSERT INTO distritos VALUES ('060305', 'JORGE CHAVEZ', '060300');
INSERT INTO distritos VALUES ('060306', 'JOSE GALVEZ', '060300');
INSERT INTO distritos VALUES ('060307', 'MIGUEL IGLESIAS', '060300');
INSERT INTO distritos VALUES ('060308', 'OXAMARCA', '060300');
INSERT INTO distritos VALUES ('060309', 'SOROCHUCO', '060300');
INSERT INTO distritos VALUES ('060310', 'SUCRE', '060300');
INSERT INTO distritos VALUES ('060311', 'UTCO', '060300');
INSERT INTO distritos VALUES ('060312', 'LA LIBERTAD DE PALLAN', '060300');
INSERT INTO distritos VALUES ('060401', 'CHOTA', '060400');
INSERT INTO distritos VALUES ('060402', 'ANGUIA', '060400');
INSERT INTO distritos VALUES ('060403', 'CHADIN', '060400');
INSERT INTO distritos VALUES ('060404', 'CHIGUIRIP', '060400');
INSERT INTO distritos VALUES ('060405', 'CHIMBAN', '060400');
INSERT INTO distritos VALUES ('060406', 'CHOROPAMPA', '060400');
INSERT INTO distritos VALUES ('060407', 'COCHABAMBA', '060400');
INSERT INTO distritos VALUES ('060408', 'CONCHAN', '060400');
INSERT INTO distritos VALUES ('060409', 'HUAMBOS', '060400');
INSERT INTO distritos VALUES ('060410', 'LAJAS', '060400');
INSERT INTO distritos VALUES ('060411', 'LLAMA', '060400');
INSERT INTO distritos VALUES ('060412', 'MIRACOSTA', '060400');
INSERT INTO distritos VALUES ('060413', 'PACCHA', '060400');
INSERT INTO distritos VALUES ('060414', 'PION', '060400');
INSERT INTO distritos VALUES ('060415', 'QUEROCOTO', '060400');
INSERT INTO distritos VALUES ('060416', 'SAN JUAN DE LICUPIS', '060400');
INSERT INTO distritos VALUES ('060417', 'TACABAMBA', '060400');
INSERT INTO distritos VALUES ('060418', 'TOCMOCHE', '060400');
INSERT INTO distritos VALUES ('060419', 'CHALAMARCA', '060400');
INSERT INTO distritos VALUES ('060501', 'CONTUMAZA', '060500');
INSERT INTO distritos VALUES ('060502', 'CHILETE', '060500');
INSERT INTO distritos VALUES ('060503', 'CUPISNIQUE', '060500');
INSERT INTO distritos VALUES ('060504', 'GUZMANGO', '060500');
INSERT INTO distritos VALUES ('060505', 'SAN BENITO', '060500');
INSERT INTO distritos VALUES ('060506', 'SANTA CRUZ DE TOLED', '060500');
INSERT INTO distritos VALUES ('060507', 'TANTARICA', '060500');
INSERT INTO distritos VALUES ('060508', 'YONAN', '060500');
INSERT INTO distritos VALUES ('060601', 'CUTERVO', '060600');
INSERT INTO distritos VALUES ('060602', 'CALLAYUC', '060600');
INSERT INTO distritos VALUES ('060603', 'CHOROS', '060600');
INSERT INTO distritos VALUES ('060604', 'CUJILLO', '060600');
INSERT INTO distritos VALUES ('060605', 'LA RAMADA', '060600');
INSERT INTO distritos VALUES ('060606', 'PIMPINGOS', '060600');
INSERT INTO distritos VALUES ('060607', 'QUEROCOTILLO', '060600');
INSERT INTO distritos VALUES ('060608', 'SAN ANDRES DE CUTERVO', '060600');
INSERT INTO distritos VALUES ('060609', 'SAN JUAN DE CUTERVO', '060600');
INSERT INTO distritos VALUES ('060610', 'SAN LUIS DE LUCMA', '060600');
INSERT INTO distritos VALUES ('060611', 'SANTA CRUZ', '060600');
INSERT INTO distritos VALUES ('060612', 'SANTO DOMINGO DE LA CAPILLA', '060600');
INSERT INTO distritos VALUES ('060613', 'SANTO TOMAS', '060600');
INSERT INTO distritos VALUES ('060614', 'SOCOTA', '060600');
INSERT INTO distritos VALUES ('060615', 'TORIBIO CASANOVA', '060600');
INSERT INTO distritos VALUES ('060701', 'BAMBAMARCA', '060700');
INSERT INTO distritos VALUES ('060702', 'CHUGUR', '060700');
INSERT INTO distritos VALUES ('060703', 'HUALGAYOC', '060700');
INSERT INTO distritos VALUES ('060801', 'JAEN', '060800');
INSERT INTO distritos VALUES ('060802', 'BELLAVISTA                           3', '060800');
INSERT INTO distritos VALUES ('060803', 'CHONTALI', '060800');
INSERT INTO distritos VALUES ('060804', 'COLASAY', '060800');
INSERT INTO distritos VALUES ('060805', 'HUABAL', '060800');
INSERT INTO distritos VALUES ('060806', 'LAS PIRIAS', '060800');
INSERT INTO distritos VALUES ('060807', 'POMAHUACA', '060800');
INSERT INTO distritos VALUES ('060808', 'PUCARA', '060800');
INSERT INTO distritos VALUES ('060809', 'SALLIQUE', '060800');
INSERT INTO distritos VALUES ('060810', 'SAN FELIPE', '060800');
INSERT INTO distritos VALUES ('060811', 'SAN JOSE DEL ALTO', '060800');
INSERT INTO distritos VALUES ('060812', 'SANTA ROSA', '060800');
INSERT INTO distritos VALUES ('060901', 'SAN IGNACIO', '060900');
INSERT INTO distritos VALUES ('060902', 'CHIRINOS', '060900');
INSERT INTO distritos VALUES ('060903', 'HUARANGO', '060900');
INSERT INTO distritos VALUES ('060904', 'LA COIPA', '060900');
INSERT INTO distritos VALUES ('060905', 'NAMBALLE', '060900');
INSERT INTO distritos VALUES ('060906', 'SAN JOSE DE LOURDES', '060900');
INSERT INTO distritos VALUES ('060907', 'TABACONAS', '060900');
INSERT INTO distritos VALUES ('061001', 'PEDRO GALVEZ', '061000');
INSERT INTO distritos VALUES ('061002', 'CHANCAY', '061000');
INSERT INTO distritos VALUES ('061003', 'EDUARDO VILLANUEVA', '061000');
INSERT INTO distritos VALUES ('061004', 'GREGORIO PITA', '061000');
INSERT INTO distritos VALUES ('061005', 'ICHOCAN', '061000');
INSERT INTO distritos VALUES ('061006', 'JOSE MANUEL QUIROZ', '061000');
INSERT INTO distritos VALUES ('061007', 'JOSE SABOGAL', '061000');
INSERT INTO distritos VALUES ('061101', 'SAN MIGUEL 1', '061100');
INSERT INTO distritos VALUES ('061102', 'BOLIVAR', '061100');
INSERT INTO distritos VALUES ('061103', 'CALQUIS', '061100');
INSERT INTO distritos VALUES ('061104', 'CATILLUC', '061100');
INSERT INTO distritos VALUES ('061105', 'EL PRADO', '061100');
INSERT INTO distritos VALUES ('061106', 'LA FLORIDA', '061100');
INSERT INTO distritos VALUES ('061107', 'LLAPA', '061100');
INSERT INTO distritos VALUES ('061108', 'NANCHOC', '061100');
INSERT INTO distritos VALUES ('061109', 'NIEPOS', '061100');
INSERT INTO distritos VALUES ('061110', 'SAN GREGORIO', '061100');
INSERT INTO distritos VALUES ('061111', 'SAN SILVESTRE DE COCHAN', '061100');
INSERT INTO distritos VALUES ('061112', 'TONGOD', '061100');
INSERT INTO distritos VALUES ('061113', 'UNION AGUA BLANCA', '061100');
INSERT INTO distritos VALUES ('061201', 'SAN PABLO', '061200');
INSERT INTO distritos VALUES ('061202', 'SAN BERNARDINO', '061200');
INSERT INTO distritos VALUES ('061203', 'SAN LUIS', '061200');
INSERT INTO distritos VALUES ('061204', 'TUMBADEN', '061200');
INSERT INTO distritos VALUES ('061301', 'SANTA CRUZ', '061300');
INSERT INTO distritos VALUES ('061302', 'ANDABAMBA', '061300');
INSERT INTO distritos VALUES ('061303', 'CATACHE', '061300');
INSERT INTO distritos VALUES ('061304', 'CHANCAYBAÂ¥OS', '061300');
INSERT INTO distritos VALUES ('061305', 'LA ESPERANZA', '061300');
INSERT INTO distritos VALUES ('061306', 'NINABAMBA', '061300');
INSERT INTO distritos VALUES ('061307', 'PULAN', '061300');
INSERT INTO distritos VALUES ('061308', 'SAUCEPAMPA', '061300');
INSERT INTO distritos VALUES ('061309', 'SEXI', '061300');
INSERT INTO distritos VALUES ('061310', 'UTICYACU', '061300');
INSERT INTO distritos VALUES ('061311', 'YAUYUCAN', '061300');
INSERT INTO distritos VALUES ('070101', 'CALLAO', '070000');
INSERT INTO distritos VALUES ('070102', 'BELLAVISTA                           4', '070000');
INSERT INTO distritos VALUES ('070103', 'CARMEN DE LA LEGUA REYNOSO', '070000');
INSERT INTO distritos VALUES ('070104', 'LA PERLA', '070000');
INSERT INTO distritos VALUES ('070105', 'LA PUNTA', '070000');
INSERT INTO distritos VALUES ('070106', 'VENTANILLA', '070000');
INSERT INTO distritos VALUES ('080101', 'CUSCO', '080100');
INSERT INTO distritos VALUES ('080102', 'CCORCA', '080100');
INSERT INTO distritos VALUES ('080103', 'POROY', '080100');
INSERT INTO distritos VALUES ('080104', 'SAN JERONIMO', '080100');
INSERT INTO distritos VALUES ('080105', 'SAN SEBASTIAN', '080100');
INSERT INTO distritos VALUES ('080106', 'SANTIAGO', '080100');
INSERT INTO distritos VALUES ('080107', 'SAYLLA', '080100');
INSERT INTO distritos VALUES ('080108', 'WANCHAQ', '080100');
INSERT INTO distritos VALUES ('080201', 'ACOMAYO', '080200');
INSERT INTO distritos VALUES ('080202', 'ACOPIA', '080200');
INSERT INTO distritos VALUES ('080203', 'ACOS', '080200');
INSERT INTO distritos VALUES ('080204', 'MOSOC LLACTA', '080200');
INSERT INTO distritos VALUES ('080205', 'POMACANCHI', '080200');
INSERT INTO distritos VALUES ('080206', 'RONDOCAN', '080200');
INSERT INTO distritos VALUES ('080207', 'SANGARARA', '080200');
INSERT INTO distritos VALUES ('080301', 'ANTA', '080300');
INSERT INTO distritos VALUES ('080302', 'ANCAHUASI', '080300');
INSERT INTO distritos VALUES ('080303', 'CACHIMAYO', '080300');
INSERT INTO distritos VALUES ('080304', 'CHINCHAYPUJIO', '080300');
INSERT INTO distritos VALUES ('080305', 'HUAROCONDO', '080300');
INSERT INTO distritos VALUES ('080306', 'LIMATAMBO', '080300');
INSERT INTO distritos VALUES ('080307', 'MOLLEPATA', '080300');
INSERT INTO distritos VALUES ('080308', 'PUCYURA', '080300');
INSERT INTO distritos VALUES ('080309', 'ZURITE', '080300');
INSERT INTO distritos VALUES ('080401', 'CALCA', '080400');
INSERT INTO distritos VALUES ('080402', 'COYA', '080400');
INSERT INTO distritos VALUES ('080403', 'LAMAY', '080400');
INSERT INTO distritos VALUES ('080404', 'LARES', '080400');
INSERT INTO distritos VALUES ('080405', 'PISAC', '080400');
INSERT INTO distritos VALUES ('080406', 'SAN SALVADOR', '080400');
INSERT INTO distritos VALUES ('080407', 'TARAY', '080400');
INSERT INTO distritos VALUES ('080408', 'YANATILE', '080400');
INSERT INTO distritos VALUES ('080501', 'YANAOCA', '080500');
INSERT INTO distritos VALUES ('080502', 'CHECCA', '080500');
INSERT INTO distritos VALUES ('080503', 'KUNTURKANKI', '080500');
INSERT INTO distritos VALUES ('080504', 'LANGUI', '080500');
INSERT INTO distritos VALUES ('080505', 'LAYO', '080500');
INSERT INTO distritos VALUES ('080506', 'PAMPAMARCA', '080500');
INSERT INTO distritos VALUES ('080507', 'QUEHUE', '080500');
INSERT INTO distritos VALUES ('080508', 'TUPAC AMARU', '080500');
INSERT INTO distritos VALUES ('080601', 'SICUANI', '080600');
INSERT INTO distritos VALUES ('080602', 'CHECACUPE', '080600');
INSERT INTO distritos VALUES ('080603', 'COMBAPATA', '080600');
INSERT INTO distritos VALUES ('080604', 'MARANGANI', '080600');
INSERT INTO distritos VALUES ('080605', 'PITUMARCA', '080600');
INSERT INTO distritos VALUES ('080606', 'SAN PABLO', '080600');
INSERT INTO distritos VALUES ('080607', 'SAN PEDRO', '080600');
INSERT INTO distritos VALUES ('080608', 'TINTA', '080600');
INSERT INTO distritos VALUES ('080701', 'SANTO TOMAS', '080700');
INSERT INTO distritos VALUES ('080702', 'CAPACMARCA', '080700');
INSERT INTO distritos VALUES ('080703', 'CHAMACA', '080700');
INSERT INTO distritos VALUES ('080704', 'COLQUEMARCA', '080700');
INSERT INTO distritos VALUES ('080705', 'LIVITACA', '080700');
INSERT INTO distritos VALUES ('080706', 'LLUSCO', '080700');
INSERT INTO distritos VALUES ('080707', 'QUIÂ¥OTA', '080700');
INSERT INTO distritos VALUES ('080708', 'VELILLE', '080700');
INSERT INTO distritos VALUES ('080801', 'ESPINAR', '080800');
INSERT INTO distritos VALUES ('080802', 'CONDOROMA', '080800');
INSERT INTO distritos VALUES ('080803', 'COPORAQUE', '080800');
INSERT INTO distritos VALUES ('080804', 'OCORURO', '080800');
INSERT INTO distritos VALUES ('080805', 'PALLPATA', '080800');
INSERT INTO distritos VALUES ('080806', 'PICHIGUA', '080800');
INSERT INTO distritos VALUES ('080807', 'SUYCKUTAMBO', '080800');
INSERT INTO distritos VALUES ('080808', 'ALTO PICHIGUA', '080800');
INSERT INTO distritos VALUES ('080901', 'SANTA ANA', '080900');
INSERT INTO distritos VALUES ('080902', 'ECHARATE', '080900');
INSERT INTO distritos VALUES ('080903', 'HUAYOPATA', '080900');
INSERT INTO distritos VALUES ('080904', 'MARANURA', '080900');
INSERT INTO distritos VALUES ('080905', 'OCOBAMBA ', '080900');
INSERT INTO distritos VALUES ('080906', 'QUELLOUNO', '080900');
INSERT INTO distritos VALUES ('080907', 'QUIMBIRI', '080900');
INSERT INTO distritos VALUES ('080908', 'SANTA TERESA', '080900');
INSERT INTO distritos VALUES ('080909', 'VILCABAMBA', '080900');
INSERT INTO distritos VALUES ('080910', 'PICHARI', '080900');
INSERT INTO distritos VALUES ('081001', 'PARURO', '081000');
INSERT INTO distritos VALUES ('081002', 'ACCHA', '081000');
INSERT INTO distritos VALUES ('081003', 'CCAPI', '081000');
INSERT INTO distritos VALUES ('081004', 'COLCHA', '081000');
INSERT INTO distritos VALUES ('081005', 'HUANOQUITE', '081000');
INSERT INTO distritos VALUES ('081006', 'OMACHA', '081000');
INSERT INTO distritos VALUES ('081007', 'PACCARITAMBO', '081000');
INSERT INTO distritos VALUES ('081008', 'PILLPINTO', '081000');
INSERT INTO distritos VALUES ('081009', 'YAURISQUE', '081000');
INSERT INTO distritos VALUES ('081101', 'PAUCARTAMBO', '081100');
INSERT INTO distritos VALUES ('081102', 'CAICAY', '081100');
INSERT INTO distritos VALUES ('081103', 'CHALLABAMBA', '081100');
INSERT INTO distritos VALUES ('081104', 'COLQUEPATA', '081100');
INSERT INTO distritos VALUES ('081105', 'HUANCARANI', '081100');
INSERT INTO distritos VALUES ('081106', 'KOSÂ¥IPATA', '081100');
INSERT INTO distritos VALUES ('081201', 'URCOS', '081200');
INSERT INTO distritos VALUES ('081202', 'ANDAHUAYLILLAS', '081200');
INSERT INTO distritos VALUES ('081203', 'CAMANTI', '081200');
INSERT INTO distritos VALUES ('081204', 'CCARHUAYO', '081200');
INSERT INTO distritos VALUES ('081205', 'CCATCA', '081200');
INSERT INTO distritos VALUES ('081206', 'CUSIPATA', '081200');
INSERT INTO distritos VALUES ('081207', 'HUARO', '081200');
INSERT INTO distritos VALUES ('081208', 'LUCRE', '081200');
INSERT INTO distritos VALUES ('081209', 'MARCAPATA', '081200');
INSERT INTO distritos VALUES ('081210', 'OCONGATE', '081200');
INSERT INTO distritos VALUES ('081211', 'OROPESA', '081200');
INSERT INTO distritos VALUES ('081212', 'QUIQUIJANA', '081200');
INSERT INTO distritos VALUES ('081301', 'URUBAMBA', '081300');
INSERT INTO distritos VALUES ('081302', 'CHINCHERO', '081300');
INSERT INTO distritos VALUES ('081303', 'HUAYLLABAMBA', '081300');
INSERT INTO distritos VALUES ('081304', 'MACHUPICCHU', '081300');
INSERT INTO distritos VALUES ('081305', 'MARAS', '081300');
INSERT INTO distritos VALUES ('081306', 'OLLANTAYTAMBO', '081300');
INSERT INTO distritos VALUES ('081307', 'YUCAY', '081300');
INSERT INTO distritos VALUES ('090101', 'HUANCAVELICA', '090100');
INSERT INTO distritos VALUES ('090102', 'ACOBAMBILLA', '090100');
INSERT INTO distritos VALUES ('090103', 'ACORIA', '090100');
INSERT INTO distritos VALUES ('090104', 'CONAYCA', '090100');
INSERT INTO distritos VALUES ('090105', 'CUENCA', '090100');
INSERT INTO distritos VALUES ('090106', 'HUACHOCOLPA', '090100');
INSERT INTO distritos VALUES ('090107', 'HUAYLLAHUARA', '090100');
INSERT INTO distritos VALUES ('090108', 'IZCUCHACA', '090100');
INSERT INTO distritos VALUES ('090109', 'LARIA', '090100');
INSERT INTO distritos VALUES ('090110', 'MANTA', '090100');
INSERT INTO distritos VALUES ('090111', 'MARISCAL CACERES', '090100');
INSERT INTO distritos VALUES ('090112', 'MOYA', '090100');
INSERT INTO distritos VALUES ('090113', 'NUEVO OCCORO', '090100');
INSERT INTO distritos VALUES ('090114', 'PALCA', '090100');
INSERT INTO distritos VALUES ('090115', 'PILCHACA', '090100');
INSERT INTO distritos VALUES ('090116', 'VILCA', '090100');
INSERT INTO distritos VALUES ('090117', 'YAULI', '090100');
INSERT INTO distritos VALUES ('090118', 'ASCENSION', '090100');
INSERT INTO distritos VALUES ('090119', 'HUANDO', '090100');
INSERT INTO distritos VALUES ('090201', 'ACOBAMBA', '090200');
INSERT INTO distritos VALUES ('090202', 'ANDABAMBA', '090200');
INSERT INTO distritos VALUES ('090203', 'ANTA', '090200');
INSERT INTO distritos VALUES ('090204', 'CAJA', '090200');
INSERT INTO distritos VALUES ('090205', 'MARCAS', '090200');
INSERT INTO distritos VALUES ('090206', 'PAUCARA', '090200');
INSERT INTO distritos VALUES ('090207', 'POMACOCHA', '090200');
INSERT INTO distritos VALUES ('090208', 'ROSARIO', '090200');
INSERT INTO distritos VALUES ('090301', 'LIRCAY', '090300');
INSERT INTO distritos VALUES ('090302', 'ANCHONGA', '090300');
INSERT INTO distritos VALUES ('090303', 'CALLANMARCA', '090300');
INSERT INTO distritos VALUES ('090304', 'CCOCHACCASA', '090300');
INSERT INTO distritos VALUES ('090305', 'CHINCHO', '090300');
INSERT INTO distritos VALUES ('090306', 'CONGALLA', '090300');
INSERT INTO distritos VALUES ('090307', 'HUANCA-HUANCA', '090300');
INSERT INTO distritos VALUES ('090308', 'HUAYLLAY GRANDE', '090300');
INSERT INTO distritos VALUES ('090309', 'JULCAMARCA', '090300');
INSERT INTO distritos VALUES ('090310', 'SAN ANTONIO DE ANTAPARCO', '090300');
INSERT INTO distritos VALUES ('090311', 'SANTO TOMAS DE PATA', '090300');
INSERT INTO distritos VALUES ('090312', 'SECCLLA', '090300');
INSERT INTO distritos VALUES ('090401', 'CASTROVIRREYNA', '090400');
INSERT INTO distritos VALUES ('090402', 'ARMA', '090400');
INSERT INTO distritos VALUES ('090403', 'AURAHUA', '090400');
INSERT INTO distritos VALUES ('090404', 'CAPILLAS', '090400');
INSERT INTO distritos VALUES ('090405', 'CHUPAMARCA', '090400');
INSERT INTO distritos VALUES ('090406', 'COCAS', '090400');
INSERT INTO distritos VALUES ('090407', 'HUACHOS', '090400');
INSERT INTO distritos VALUES ('090408', 'HUAMATAMBO', '090400');
INSERT INTO distritos VALUES ('090409', 'MOLLEPAMPA', '090400');
INSERT INTO distritos VALUES ('090410', 'SAN JUAN', '090400');
INSERT INTO distritos VALUES ('090411', 'SANTA ANA', '090400');
INSERT INTO distritos VALUES ('090412', 'TANTARA', '090400');
INSERT INTO distritos VALUES ('090413', 'TICRAPO', '090400');
INSERT INTO distritos VALUES ('090501', 'CHURCAMPA', '090500');
INSERT INTO distritos VALUES ('090502', 'ANCO', '090500');
INSERT INTO distritos VALUES ('090503', 'CHINCHIHUASI', '090500');
INSERT INTO distritos VALUES ('090504', 'EL CARMEN', '090500');
INSERT INTO distritos VALUES ('090505', 'LA MERCED', '090500');
INSERT INTO distritos VALUES ('090506', 'LOCROJA', '090500');
INSERT INTO distritos VALUES ('090507', 'PAUCARBAMBA', '090500');
INSERT INTO distritos VALUES ('090508', 'SAN MIGUEL DE MAYOCC', '090500');
INSERT INTO distritos VALUES ('090509', 'SAN PEDRO DE CORIS', '090500');
INSERT INTO distritos VALUES ('090510', 'PACHAMARCA ', '090500');
INSERT INTO distritos VALUES ('090601', 'HUAYTARA', '090600');
INSERT INTO distritos VALUES ('090602', 'AYAVI', '090600');
INSERT INTO distritos VALUES ('090603', 'CORDOVA', '090600');
INSERT INTO distritos VALUES ('090604', 'HUAYACUNDO ARMA', '090600');
INSERT INTO distritos VALUES ('090605', 'LARAMARCA', '090600');
INSERT INTO distritos VALUES ('090606', 'OCOYO', '090600');
INSERT INTO distritos VALUES ('090607', 'PILPICHACA', '090600');
INSERT INTO distritos VALUES ('090608', 'QUERCO', '090600');
INSERT INTO distritos VALUES ('090609', 'QUITO-ARMA', '090600');
INSERT INTO distritos VALUES ('090610', 'SAN ANTONIO DE CUSICANCHA', '090600');
INSERT INTO distritos VALUES ('090611', 'SAN FRANCISCO DE SANGAYAICO', '090600');
INSERT INTO distritos VALUES ('090612', 'SAN ISIDRO', '090600');
INSERT INTO distritos VALUES ('090613', 'SANTIAGO DE CHOCORVOS', '090600');
INSERT INTO distritos VALUES ('090614', 'SANTIAGO DE QUIRAHUARA', '090600');
INSERT INTO distritos VALUES ('090615', 'SANTO DOMINGO DE CAPILLAS', '090600');
INSERT INTO distritos VALUES ('090616', 'TAMBO', '090600');
INSERT INTO distritos VALUES ('090701', 'PAMPAS', '090700');
INSERT INTO distritos VALUES ('090702', 'ACOSTAMBO', '090700');
INSERT INTO distritos VALUES ('090703', 'ACRAQUIA', '090700');
INSERT INTO distritos VALUES ('090704', 'AHUAYCHA', '090700');
INSERT INTO distritos VALUES ('090705', 'COLCABAMBA', '090700');
INSERT INTO distritos VALUES ('090706', 'DANIEL HERNANDEZ', '090700');
INSERT INTO distritos VALUES ('090707', 'HUACHOCOLPA', '090700');
INSERT INTO distritos VALUES ('090709', 'HUARIBAMBA', '090700');
INSERT INTO distritos VALUES ('090710', 'Â¥AHUIMPUQUIO', '090700');
INSERT INTO distritos VALUES ('090711', 'PAZOS', '090700');
INSERT INTO distritos VALUES ('090713', 'QUISHUAR', '090700');
INSERT INTO distritos VALUES ('090714', 'SALCABAMBA', '090700');
INSERT INTO distritos VALUES ('090715', 'SALCAHUASI', '090700');
INSERT INTO distritos VALUES ('090716', 'SAN MARCOS DE ROCCHAC', '090700');
INSERT INTO distritos VALUES ('090717', 'SURCUBAMBA', '090700');
INSERT INTO distritos VALUES ('090718', 'TINTAY PUNCU', '090700');
INSERT INTO distritos VALUES ('100101', 'HUANUCO', '100100');
INSERT INTO distritos VALUES ('100102', 'AMARILIS', '100100');
INSERT INTO distritos VALUES ('100103', 'CHINCHAO', '100100');
INSERT INTO distritos VALUES ('100104', 'CHURUBAMBA', '100100');
INSERT INTO distritos VALUES ('100105', 'MARGOS', '100100');
INSERT INTO distritos VALUES ('100106', 'QUISQUI', '100100');
INSERT INTO distritos VALUES ('100107', 'SAN FRANCISCO DE CAYRAN', '100100');
INSERT INTO distritos VALUES ('100108', 'SAN PEDRO DE CHAULAN', '100100');
INSERT INTO distritos VALUES ('100109', 'SANTA MARIA DEL VALLE', '100100');
INSERT INTO distritos VALUES ('100110', 'YARUMAYO', '100100');
INSERT INTO distritos VALUES ('100111', 'PILLCO MARCA', '100100');
INSERT INTO distritos VALUES ('100201', 'AMBO', '100200');
INSERT INTO distritos VALUES ('100202', 'CAYNA', '100200');
INSERT INTO distritos VALUES ('100203', 'COLPAS', '100200');
INSERT INTO distritos VALUES ('100204', 'CONCHAMARCA', '100200');
INSERT INTO distritos VALUES ('100205', 'HUACAR', '100200');
INSERT INTO distritos VALUES ('100206', 'SAN FRANCISCO', '100200');
INSERT INTO distritos VALUES ('100207', 'SAN RAFAEL', '100200');
INSERT INTO distritos VALUES ('100208', 'TOMAY KICHWA', '100200');
INSERT INTO distritos VALUES ('100301', 'LA UNION', '100300');
INSERT INTO distritos VALUES ('100307', 'CHUQUIS', '100300');
INSERT INTO distritos VALUES ('100311', 'MARIAS', '100300');
INSERT INTO distritos VALUES ('100313', 'PACHAS', '100300');
INSERT INTO distritos VALUES ('100316', 'QUIVILLA', '100300');
INSERT INTO distritos VALUES ('100317', 'RIPAN', '100300');
INSERT INTO distritos VALUES ('100321', 'SHUNQUI', '100300');
INSERT INTO distritos VALUES ('100322', 'SILLAPATA', '100300');
INSERT INTO distritos VALUES ('100323', 'YANAS', '100300');
INSERT INTO distritos VALUES ('100401', 'HUACAYBAMBA', '100400');
INSERT INTO distritos VALUES ('100402', 'CANCHABAMBA', '100400');
INSERT INTO distritos VALUES ('100403', 'COCHABAMBA', '100400');
INSERT INTO distritos VALUES ('100404', 'PINRA', '100400');
INSERT INTO distritos VALUES ('100501', 'LLATA', '100500');
INSERT INTO distritos VALUES ('100502', 'ARANCAY', '100500');
INSERT INTO distritos VALUES ('100503', 'CHAVIN DE PARIARCA', '100500');
INSERT INTO distritos VALUES ('100504', 'JACAS GRANDE', '100500');
INSERT INTO distritos VALUES ('100505', 'JIRCAN', '100500');
INSERT INTO distritos VALUES ('100506', 'MIRAFLORES', '100500');
INSERT INTO distritos VALUES ('100507', 'MONZON', '100500');
INSERT INTO distritos VALUES ('100508', 'PUNCHAO', '100500');
INSERT INTO distritos VALUES ('100509', 'PUÂ¥OS', '100500');
INSERT INTO distritos VALUES ('100510', 'SINGA', '100500');
INSERT INTO distritos VALUES ('100511', 'TANTAMAYO', '100500');
INSERT INTO distritos VALUES ('100601', 'RUPA-RUPA', '100600');
INSERT INTO distritos VALUES ('100602', 'DANIEL ALOMIA ROBLES', '100600');
INSERT INTO distritos VALUES ('100603', 'HERMILIO VALDIZAN', '100600');
INSERT INTO distritos VALUES ('100604', 'JOSE CRESPO Y CASTILLO', '100600');
INSERT INTO distritos VALUES ('100605', 'LUYANDO 1/', '100600');
INSERT INTO distritos VALUES ('100606', 'MARIANO DAMASO BERAUN', '100600');
INSERT INTO distritos VALUES ('100701', 'HUACRACHUCO', '100700');
INSERT INTO distritos VALUES ('100702', 'CHOLON', '100700');
INSERT INTO distritos VALUES ('100703', 'SAN BUENAVENTURA', '100700');
INSERT INTO distritos VALUES ('100801', 'PANAO', '100800');
INSERT INTO distritos VALUES ('100802', 'CHAGLLA', '100800');
INSERT INTO distritos VALUES ('100803', 'MOLINO', '100800');
INSERT INTO distritos VALUES ('100804', 'UMARI  2/', '100800');
INSERT INTO distritos VALUES ('100901', 'PUERTO INCA', '100900');
INSERT INTO distritos VALUES ('100902', 'CODO DEL POZUZO', '100900');
INSERT INTO distritos VALUES ('100903', 'HONORIA', '100900');
INSERT INTO distritos VALUES ('100904', 'TOURNAVISTA', '100900');
INSERT INTO distritos VALUES ('100905', 'YUYAPICHIS', '100900');
INSERT INTO distritos VALUES ('101001', 'JESUS', '101000');
INSERT INTO distritos VALUES ('101002', 'BAÂ¥OS', '101000');
INSERT INTO distritos VALUES ('101003', 'JIVIA', '101000');
INSERT INTO distritos VALUES ('101004', 'QUEROPALCA', '101000');
INSERT INTO distritos VALUES ('101005', 'RONDOS', '101000');
INSERT INTO distritos VALUES ('101006', 'SAN FRANCISCO DE ASIS', '101000');
INSERT INTO distritos VALUES ('101007', 'SAN MIGUEL DE CAURI', '101000');
INSERT INTO distritos VALUES ('101101', 'CHAVINILLO', '101100');
INSERT INTO distritos VALUES ('101102', 'CAHUAC', '101100');
INSERT INTO distritos VALUES ('101103', 'CHACABAMBA', '101100');
INSERT INTO distritos VALUES ('101104', 'APARICIO POMARES', '101100');
INSERT INTO distritos VALUES ('101105', 'JACAS CHICO', '101100');
INSERT INTO distritos VALUES ('101106', 'OBAS', '101100');
INSERT INTO distritos VALUES ('101107', 'PAMPAMARCA', '101100');
INSERT INTO distritos VALUES ('101108', 'CHORAS', '101100');
INSERT INTO distritos VALUES ('110101', 'ICA', '110100');
INSERT INTO distritos VALUES ('110102', 'LA TINGUIÂ¥A', '110100');
INSERT INTO distritos VALUES ('110103', 'LOS AQUIJES', '110100');
INSERT INTO distritos VALUES ('110104', 'OCUCAJE', '110100');
INSERT INTO distritos VALUES ('110105', 'PACHACUTEC', '110100');
INSERT INTO distritos VALUES ('110106', 'PARCONA', '110100');
INSERT INTO distritos VALUES ('110107', 'PUEBLO NUEVO', '110100');
INSERT INTO distritos VALUES ('110108', 'SALAS', '110100');
INSERT INTO distritos VALUES ('110109', 'SAN JOSE DE LOS MOLINOS', '110100');
INSERT INTO distritos VALUES ('110110', 'SAN JUAN BAUTISTA', '110100');
INSERT INTO distritos VALUES ('110111', 'SANTIAGO', '110100');
INSERT INTO distritos VALUES ('110112', 'SUBTANJALLA', '110100');
INSERT INTO distritos VALUES ('110113', 'TATE', '110100');
INSERT INTO distritos VALUES ('110114', 'YAUCA DEL ROSARIO  1/', '110100');
INSERT INTO distritos VALUES ('110201', 'CHINCHA ALTA', '110200');
INSERT INTO distritos VALUES ('110202', 'ALTO LARAN', '110200');
INSERT INTO distritos VALUES ('110203', 'CHAVIN', '110200');
INSERT INTO distritos VALUES ('110204', 'CHINCHA BAJA', '110200');
INSERT INTO distritos VALUES ('110205', 'EL CARMEN', '110200');
INSERT INTO distritos VALUES ('110206', 'GROCIO PRADO', '110200');
INSERT INTO distritos VALUES ('110207', 'PUEBLO NUEVO', '110200');
INSERT INTO distritos VALUES ('110208', 'SAN JUAN DE YANAC', '110200');
INSERT INTO distritos VALUES ('110209', 'SAN PEDRO DE HUACARPANA', '110200');
INSERT INTO distritos VALUES ('110210', 'SUNAMPE', '110200');
INSERT INTO distritos VALUES ('110211', 'TAMBO DE MORA', '110200');
INSERT INTO distritos VALUES ('110301', 'NAZCA', '110300');
INSERT INTO distritos VALUES ('110302', 'CHANGUILLO', '110300');
INSERT INTO distritos VALUES ('110303', 'EL INGENIO', '110300');
INSERT INTO distritos VALUES ('110304', 'MARCONA', '110300');
INSERT INTO distritos VALUES ('110305', 'VISTA ALEGRE', '110300');
INSERT INTO distritos VALUES ('110401', 'PALPA', '110400');
INSERT INTO distritos VALUES ('110402', 'LLIPATA', '110400');
INSERT INTO distritos VALUES ('110403', 'RIO GRANDE', '110400');
INSERT INTO distritos VALUES ('110404', 'SANTA CRUZ', '110400');
INSERT INTO distritos VALUES ('110405', 'TIBILLO', '110400');
INSERT INTO distritos VALUES ('110501', 'PISCO', '110500');
INSERT INTO distritos VALUES ('110502', 'HUANCANO', '110500');
INSERT INTO distritos VALUES ('110503', 'HUMAY', '110500');
INSERT INTO distritos VALUES ('110504', 'INDEPENDENCIA', '110500');
INSERT INTO distritos VALUES ('110505', 'PARACAS', '110500');
INSERT INTO distritos VALUES ('110506', 'SAN ANDRES', '110500');
INSERT INTO distritos VALUES ('110507', 'SAN CLEMENTE', '110500');
INSERT INTO distritos VALUES ('110508', 'TUPAC AMARU INCA', '110500');
INSERT INTO distritos VALUES ('120101', 'HUANCAYO', '120100');
INSERT INTO distritos VALUES ('120104', 'CARHUACALLANGA', '120100');
INSERT INTO distritos VALUES ('120105', 'CHACAPAMPA', '120100');
INSERT INTO distritos VALUES ('120106', 'CHICCHE', '120100');
INSERT INTO distritos VALUES ('120107', 'CHILCA', '120100');
INSERT INTO distritos VALUES ('120108', 'CHONGOS ALTO', '120100');
INSERT INTO distritos VALUES ('120111', 'CHUPURO', '120100');
INSERT INTO distritos VALUES ('120112', 'COLCA', '120100');
INSERT INTO distritos VALUES ('120113', 'CULLHUAS', '120100');
INSERT INTO distritos VALUES ('120114', 'EL TAMBO', '120100');
INSERT INTO distritos VALUES ('120116', 'HUACRAPUQUIO', '120100');
INSERT INTO distritos VALUES ('120117', 'HUALHUAS', '120100');
INSERT INTO distritos VALUES ('120119', 'HUANCAN', '120100');
INSERT INTO distritos VALUES ('120120', 'HUASICANCHA', '120100');
INSERT INTO distritos VALUES ('120121', 'HUAYUCACHI', '120100');
INSERT INTO distritos VALUES ('120122', 'INGENIO', '120100');
INSERT INTO distritos VALUES ('120124', 'PARIAHUANCA   1/', '120100');
INSERT INTO distritos VALUES ('120125', 'PILCOMAYO', '120100');
INSERT INTO distritos VALUES ('120126', 'PUCARA', '120100');
INSERT INTO distritos VALUES ('120127', 'QUICHUAY', '120100');
INSERT INTO distritos VALUES ('120128', 'QUILCAS', '120100');
INSERT INTO distritos VALUES ('120129', 'SAN AGUSTIN', '120100');
INSERT INTO distritos VALUES ('120130', 'SAN JERONIMO DE TUNAN', '120100');
INSERT INTO distritos VALUES ('120132', 'SAÂ¥O', '120100');
INSERT INTO distritos VALUES ('120133', 'SAPALLANGA', '120100');
INSERT INTO distritos VALUES ('120134', 'SICAYA', '120100');
INSERT INTO distritos VALUES ('120135', 'SANTO DOMINGO DE ACOBAMBA', '120100');
INSERT INTO distritos VALUES ('120136', 'VIQUES', '120100');
INSERT INTO distritos VALUES ('120201', 'CONCEPCION', '120200');
INSERT INTO distritos VALUES ('120202', 'ACO', '120200');
INSERT INTO distritos VALUES ('120203', 'ANDAMARCA', '120200');
INSERT INTO distritos VALUES ('120204', 'CHAMBARA', '120200');
INSERT INTO distritos VALUES ('120205', 'COCHAS', '120200');
INSERT INTO distritos VALUES ('120206', 'COMAS', '120200');
INSERT INTO distritos VALUES ('120207', 'HEROINAS TOLEDO', '120200');
INSERT INTO distritos VALUES ('120208', 'MANZANARES', '120200');
INSERT INTO distritos VALUES ('120209', 'MARISCAL CASTILLA', '120200');
INSERT INTO distritos VALUES ('120210', 'MATAHUASI', '120200');
INSERT INTO distritos VALUES ('120211', 'MITO', '120200');
INSERT INTO distritos VALUES ('120212', 'NUEVE DE JULIO', '120200');
INSERT INTO distritos VALUES ('120213', 'ORCOTUNA', '120200');
INSERT INTO distritos VALUES ('120214', 'SAN JOSE DE QUERO', '120200');
INSERT INTO distritos VALUES ('120215', 'SANTA ROSA DE OCOPA', '120200');
INSERT INTO distritos VALUES ('120301', 'CHANCHAMAYO', '120300');
INSERT INTO distritos VALUES ('120302', 'PERENE', '120300');
INSERT INTO distritos VALUES ('120303', 'PICHANAQUI', '120300');
INSERT INTO distritos VALUES ('120304', 'SAN LUIS DE SHUARO', '120300');
INSERT INTO distritos VALUES ('120305', 'SAN RAMON', '120300');
INSERT INTO distritos VALUES ('120306', 'VITOC', '120300');
INSERT INTO distritos VALUES ('120401', 'JAUJA', '120400');
INSERT INTO distritos VALUES ('120402', 'ACOLLA', '120400');
INSERT INTO distritos VALUES ('120403', 'APATA', '120400');
INSERT INTO distritos VALUES ('120404', 'ATAURA', '120400');
INSERT INTO distritos VALUES ('120405', 'CANCHAYLLO', '120400');
INSERT INTO distritos VALUES ('120406', 'CURICACA', '120400');
INSERT INTO distritos VALUES ('120407', 'EL MANTARO', '120400');
INSERT INTO distritos VALUES ('120408', 'HUAMALI', '120400');
INSERT INTO distritos VALUES ('120409', 'HUARIPAMPA', '120400');
INSERT INTO distritos VALUES ('120410', 'HUERTAS', '120400');
INSERT INTO distritos VALUES ('120411', 'JANJAILLO', '120400');
INSERT INTO distritos VALUES ('120412', 'JULCAN', '120400');
INSERT INTO distritos VALUES ('120413', 'LEONOR ORDOÂ¥EZ', '120400');
INSERT INTO distritos VALUES ('120414', 'LLOCLLAPAMPA', '120400');
INSERT INTO distritos VALUES ('120415', 'MARCO', '120400');
INSERT INTO distritos VALUES ('120416', 'MASMA', '120400');
INSERT INTO distritos VALUES ('120417', 'MASMA CHICCHE', '120400');
INSERT INTO distritos VALUES ('120418', 'MOLINOS', '120400');
INSERT INTO distritos VALUES ('120419', 'MONOBAMBA', '120400');
INSERT INTO distritos VALUES ('120420', 'MUQUI', '120400');
INSERT INTO distritos VALUES ('120421', 'MUQUIYAUYO', '120400');
INSERT INTO distritos VALUES ('120422', 'PACA', '120400');
INSERT INTO distritos VALUES ('120423', 'PACCHA', '120400');
INSERT INTO distritos VALUES ('120424', 'PANCAN', '120400');
INSERT INTO distritos VALUES ('120425', 'PARCO', '120400');
INSERT INTO distritos VALUES ('120426', 'POMACANCHA', '120400');
INSERT INTO distritos VALUES ('120427', 'RICRAN', '120400');
INSERT INTO distritos VALUES ('120428', 'SAN LORENZO', '120400');
INSERT INTO distritos VALUES ('120429', 'SAN PEDRO DE CHUNAN', '120400');
INSERT INTO distritos VALUES ('120430', 'SAUSA', '120400');
INSERT INTO distritos VALUES ('120431', 'SINCOS', '120400');
INSERT INTO distritos VALUES ('120432', 'TUNAN MARCA', '120400');
INSERT INTO distritos VALUES ('120433', 'YAULI', '120400');
INSERT INTO distritos VALUES ('120434', 'YAUYOS', '120400');
INSERT INTO distritos VALUES ('120501', 'JUNIN', '120500');
INSERT INTO distritos VALUES ('120502', 'CARHUAMAYO', '120500');
INSERT INTO distritos VALUES ('120503', 'ONDORES', '120500');
INSERT INTO distritos VALUES ('120504', 'ULCUMAYO', '120500');
INSERT INTO distritos VALUES ('120601', 'SATIPO', '120600');
INSERT INTO distritos VALUES ('120602', 'COVIRIALI', '120600');
INSERT INTO distritos VALUES ('120603', 'LLAYLLA', '120600');
INSERT INTO distritos VALUES ('120604', 'MAZAMARI', '120600');
INSERT INTO distritos VALUES ('120605', 'PAMPA HERMOSA', '120600');
INSERT INTO distritos VALUES ('120606', 'PANGOA', '120600');
INSERT INTO distritos VALUES ('120607', 'RIO NEGRO', '120600');
INSERT INTO distritos VALUES ('120608', 'RIO TAMBO', '120600');
INSERT INTO distritos VALUES ('120701', 'TARMA', '120700');
INSERT INTO distritos VALUES ('120702', 'ACOBAMBA', '120700');
INSERT INTO distritos VALUES ('120703', 'HUARICOLCA', '120700');
INSERT INTO distritos VALUES ('120704', 'HUASAHUASI', '120700');
INSERT INTO distritos VALUES ('120705', 'LA UNION', '120700');
INSERT INTO distritos VALUES ('120706', 'PALCA', '120700');
INSERT INTO distritos VALUES ('120707', 'PALCAMAYO', '120700');
INSERT INTO distritos VALUES ('120708', 'SAN PEDRO DE CAJAS', '120700');
INSERT INTO distritos VALUES ('120709', 'TAPO', '120700');
INSERT INTO distritos VALUES ('120801', 'LA OROYA', '120800');
INSERT INTO distritos VALUES ('120802', 'CHACAPALPA', '120800');
INSERT INTO distritos VALUES ('120803', 'HUAY-HUAY', '120800');
INSERT INTO distritos VALUES ('120804', 'MARCAPOMACOCHA', '120800');
INSERT INTO distritos VALUES ('120805', 'MOROCOCHA', '120800');
INSERT INTO distritos VALUES ('120806', 'PACCHA', '120800');
INSERT INTO distritos VALUES ('120807', 'SANTA BARBARA DE CARHUACAYAN', '120800');
INSERT INTO distritos VALUES ('120808', 'SANTA ROSA DE SACCO', '120800');
INSERT INTO distritos VALUES ('120809', 'SUITUCANCHA', '120800');
INSERT INTO distritos VALUES ('120810', 'YAULI', '120800');
INSERT INTO distritos VALUES ('120901', 'CHUPACA', '120900');
INSERT INTO distritos VALUES ('120902', 'AHUAC', '120900');
INSERT INTO distritos VALUES ('120903', 'CHONGOS BAJO', '120900');
INSERT INTO distritos VALUES ('120904', 'HUACHAC', '120900');
INSERT INTO distritos VALUES ('120905', 'HUAMANCACA CHICO', '120900');
INSERT INTO distritos VALUES ('120906', 'SAN JUAN DE ISCOS', '120900');
INSERT INTO distritos VALUES ('120907', 'SAN JUAN DE JARPA', '120900');
INSERT INTO distritos VALUES ('120908', 'TRES DE DICIEMBRE', '120900');
INSERT INTO distritos VALUES ('120909', 'YANACANCHA', '120900');
INSERT INTO distritos VALUES ('130101', 'TRUJILLO', '130100');
INSERT INTO distritos VALUES ('130102', 'EL PORVENIR', '130100');
INSERT INTO distritos VALUES ('130103', 'FLORENCIA DE MORA', '130100');
INSERT INTO distritos VALUES ('130104', 'HUANCHACO', '130100');
INSERT INTO distritos VALUES ('130105', 'LA ESPERANZA', '130100');
INSERT INTO distritos VALUES ('130106', 'LAREDO', '130100');
INSERT INTO distritos VALUES ('130107', 'MOCHE', '130100');
INSERT INTO distritos VALUES ('130108', 'POROTO', '130100');
INSERT INTO distritos VALUES ('130109', 'SALAVERRY', '130100');
INSERT INTO distritos VALUES ('130110', 'SIMBAL', '130100');
INSERT INTO distritos VALUES ('130111', 'VICTOR LARCO HERRERA', '130100');
INSERT INTO distritos VALUES ('130201', 'ASCOPE', '130200');
INSERT INTO distritos VALUES ('130202', 'CHICAMA', '130200');
INSERT INTO distritos VALUES ('130203', 'CHOCOPE', '130200');
INSERT INTO distritos VALUES ('130204', 'MAGDALENA DE CAO', '130200');
INSERT INTO distritos VALUES ('130205', 'PAIJAN', '130200');
INSERT INTO distritos VALUES ('130206', 'RAZURI', '130200');
INSERT INTO distritos VALUES ('130207', 'SANTIAGO DE CAO', '130200');
INSERT INTO distritos VALUES ('130208', 'CASA GRANDE', '130200');
INSERT INTO distritos VALUES ('130301', 'BOLIVAR', '130300');
INSERT INTO distritos VALUES ('130302', 'BAMBAMARCA', '130300');
INSERT INTO distritos VALUES ('130303', 'CONDORMARCA', '130300');
INSERT INTO distritos VALUES ('130304', 'LONGOTEA', '130300');
INSERT INTO distritos VALUES ('130305', 'UCHUMARCA', '130300');
INSERT INTO distritos VALUES ('130306', 'UCUNCHA', '130300');
INSERT INTO distritos VALUES ('130401', 'CHEPEN', '130400');
INSERT INTO distritos VALUES ('130402', 'PACANGA', '130400');
INSERT INTO distritos VALUES ('130403', 'PUEBLO NUEVO', '130400');
INSERT INTO distritos VALUES ('130501', 'JULCAN', '130500');
INSERT INTO distritos VALUES ('130502', 'CALAMARCA', '130500');
INSERT INTO distritos VALUES ('130503', 'CARABAMBA', '130500');
INSERT INTO distritos VALUES ('130504', 'HUASO', '130500');
INSERT INTO distritos VALUES ('130601', 'OTUZCO', '130600');
INSERT INTO distritos VALUES ('130602', 'AGALLPAMPA', '130600');
INSERT INTO distritos VALUES ('130604', 'CHARAT', '130600');
INSERT INTO distritos VALUES ('130605', 'HUARANCHAL', '130600');
INSERT INTO distritos VALUES ('130606', 'LA CUESTA', '130600');
INSERT INTO distritos VALUES ('130608', 'MACHE', '130600');
INSERT INTO distritos VALUES ('130610', 'PARANDAY', '130600');
INSERT INTO distritos VALUES ('130611', 'SALPO', '130600');
INSERT INTO distritos VALUES ('130613', 'SINSICAP', '130600');
INSERT INTO distritos VALUES ('130614', 'USQUIL', '130600');
INSERT INTO distritos VALUES ('130701', 'SAN PEDRO DE LLOC', '130700');
INSERT INTO distritos VALUES ('130702', 'GUADALUPE', '130700');
INSERT INTO distritos VALUES ('130703', 'JEQUETEPEQUE', '130700');
INSERT INTO distritos VALUES ('130704', 'PACASMAYO', '130700');
INSERT INTO distritos VALUES ('130705', 'SAN JOSE', '130700');
INSERT INTO distritos VALUES ('130801', 'TAYABAMBA', '130800');
INSERT INTO distritos VALUES ('130802', 'BULDIBUYO', '130800');
INSERT INTO distritos VALUES ('130803', 'CHILLIA', '130800');
INSERT INTO distritos VALUES ('130804', 'HUANCASPATA', '130800');
INSERT INTO distritos VALUES ('130805', 'HUAYLILLAS', '130800');
INSERT INTO distritos VALUES ('130806', 'HUAYO', '130800');
INSERT INTO distritos VALUES ('130807', 'ONGON', '130800');
INSERT INTO distritos VALUES ('130808', 'PARCOY', '130800');
INSERT INTO distritos VALUES ('130809', 'PATAZ', '130800');
INSERT INTO distritos VALUES ('130810', 'PIAS', '130800');
INSERT INTO distritos VALUES ('130811', 'SANTIAGO DE CHALLAS', '130800');
INSERT INTO distritos VALUES ('130812', 'TAURIJA', '130800');
INSERT INTO distritos VALUES ('130813', 'URPAY', '130800');
INSERT INTO distritos VALUES ('130901', 'HUAMACHUCO', '130900');
INSERT INTO distritos VALUES ('130902', 'CHUGAY', '130900');
INSERT INTO distritos VALUES ('130903', 'COCHORCO', '130900');
INSERT INTO distritos VALUES ('130904', 'CURGOS', '130900');
INSERT INTO distritos VALUES ('130905', 'MARCABAL', '130900');
INSERT INTO distritos VALUES ('130906', 'SANAGORAN', '130900');
INSERT INTO distritos VALUES ('130907', 'SARIN', '130900');
INSERT INTO distritos VALUES ('130908', 'SARTIMBAMBA', '130900');
INSERT INTO distritos VALUES ('131001', 'SANTIAGO DE CHUCO', '131000');
INSERT INTO distritos VALUES ('131002', 'ANGASMARCA', '131000');
INSERT INTO distritos VALUES ('131003', 'CACHICADAN', '131000');
INSERT INTO distritos VALUES ('131004', 'MOLLEBAMBA', '131000');
INSERT INTO distritos VALUES ('131005', 'MOLLEPATA', '131000');
INSERT INTO distritos VALUES ('131006', 'QUIRUVILCA', '131000');
INSERT INTO distritos VALUES ('131007', 'SANTA CRUZ DE CHUCA', '131000');
INSERT INTO distritos VALUES ('131008', 'SITABAMBA', '131000');
INSERT INTO distritos VALUES ('131101', 'CASCAS', '131100');
INSERT INTO distritos VALUES ('131102', 'LUCMA', '131100');
INSERT INTO distritos VALUES ('131103', 'MARMOT  1/', '131100');
INSERT INTO distritos VALUES ('131104', 'SAYAPULLO', '131100');
INSERT INTO distritos VALUES ('131201', 'VIRU', '131200');
INSERT INTO distritos VALUES ('131202', 'CHAO', '131200');
INSERT INTO distritos VALUES ('131203', 'GUADALUPITO', '131200');
INSERT INTO distritos VALUES ('140101', 'CHICLAYO', '140100');
INSERT INTO distritos VALUES ('140102', 'CHONGOYAPE', '140100');
INSERT INTO distritos VALUES ('140103', 'ETEN', '140100');
INSERT INTO distritos VALUES ('140104', 'ETEN PUERTO', '140100');
INSERT INTO distritos VALUES ('140105', 'JOSE LEONARDO ORTIZ', '140100');
INSERT INTO distritos VALUES ('140106', 'LA VICTORIA', '140100');
INSERT INTO distritos VALUES ('140107', 'LAGUNAS   ', '140100');
INSERT INTO distritos VALUES ('140108', 'MONSEFU', '140100');
INSERT INTO distritos VALUES ('140109', 'NUEVA ARICA', '140100');
INSERT INTO distritos VALUES ('140110', 'OYOTUN', '140100');
INSERT INTO distritos VALUES ('140111', 'PICSI', '140100');
INSERT INTO distritos VALUES ('140112', 'PIMENTEL', '140100');
INSERT INTO distritos VALUES ('140113', 'REQUE', '140100');
INSERT INTO distritos VALUES ('140114', 'SANTA ROSA', '140100');
INSERT INTO distritos VALUES ('140115', 'SAÂ¥A', '140100');
INSERT INTO distritos VALUES ('140116', 'CAYALTI', '140100');
INSERT INTO distritos VALUES ('140117', 'PATAPO', '140100');
INSERT INTO distritos VALUES ('140118', 'POMALCA', '140100');
INSERT INTO distritos VALUES ('140119', 'PUCALA', '140100');
INSERT INTO distritos VALUES ('140120', 'TUMAN', '140100');
INSERT INTO distritos VALUES ('140201', 'FERREÂ¥AFE', '140200');
INSERT INTO distritos VALUES ('140202', 'CAÂ¥ARIS', '140200');
INSERT INTO distritos VALUES ('140203', 'INCAHUASI', '140200');
INSERT INTO distritos VALUES ('140204', 'MANUEL ANTONIO MESONES MURO', '140200');
INSERT INTO distritos VALUES ('140205', 'PITIPO', '140200');
INSERT INTO distritos VALUES ('140206', 'PUEBLO NUEVO', '140200');
INSERT INTO distritos VALUES ('140301', 'LAMBAYEQUE', '140300');
INSERT INTO distritos VALUES ('140302', 'CHOCHOPE', '140300');
INSERT INTO distritos VALUES ('140303', 'ILLIMO', '140300');
INSERT INTO distritos VALUES ('140304', 'JAYANCA', '140300');
INSERT INTO distritos VALUES ('140305', 'MOCHUMI', '140300');
INSERT INTO distritos VALUES ('140306', 'MORROPE', '140300');
INSERT INTO distritos VALUES ('140307', 'MOTUPE', '140300');
INSERT INTO distritos VALUES ('140308', 'OLMOS', '140300');
INSERT INTO distritos VALUES ('140309', 'PACORA', '140300');
INSERT INTO distritos VALUES ('140310', 'SALAS', '140300');
INSERT INTO distritos VALUES ('140311', 'SAN JOSE', '140300');
INSERT INTO distritos VALUES ('140312', 'TUCUME', '140300');
INSERT INTO distritos VALUES ('150101', 'LIMA', '150100');
INSERT INTO distritos VALUES ('150102', 'ANCON', '150100');
INSERT INTO distritos VALUES ('150103', 'ATE', '150100');
INSERT INTO distritos VALUES ('150104', 'BARRANCO', '150100');
INSERT INTO distritos VALUES ('150105', 'BREÂ¥A', '150100');
INSERT INTO distritos VALUES ('150106', 'CARABAYLLO', '150100');
INSERT INTO distritos VALUES ('150107', 'CHACLACAYO', '150100');
INSERT INTO distritos VALUES ('150108', 'CHORRILLOS', '150100');
INSERT INTO distritos VALUES ('150109', 'CIENEGUILLA', '150100');
INSERT INTO distritos VALUES ('150110', 'COMAS', '150100');
INSERT INTO distritos VALUES ('150111', 'EL AGUSTINO', '150100');
INSERT INTO distritos VALUES ('150112', 'INDEPENDENCIA', '150100');
INSERT INTO distritos VALUES ('150113', 'JESUS MARIA', '150100');
INSERT INTO distritos VALUES ('150114', 'LA MOLINA', '150100');
INSERT INTO distritos VALUES ('150115', 'LA VICTORIA', '150100');
INSERT INTO distritos VALUES ('150116', 'LINCE', '150100');
INSERT INTO distritos VALUES ('150117', 'LOS OLIVOS', '150100');
INSERT INTO distritos VALUES ('150118', 'LURIGANCHO', '150100');
INSERT INTO distritos VALUES ('150119', 'LURIN', '150100');
INSERT INTO distritos VALUES ('150120', 'MAGDALENA DEL MAR', '150100');
INSERT INTO distritos VALUES ('150121', 'MAGDALENA VIEJA', '150100');
INSERT INTO distritos VALUES ('150122', 'MIRAFLORES', '150100');
INSERT INTO distritos VALUES ('150123', 'PACHACAMAC', '150100');
INSERT INTO distritos VALUES ('150124', 'PUCUSANA', '150100');
INSERT INTO distritos VALUES ('150125', 'PUENTE PIEDRA', '150100');
INSERT INTO distritos VALUES ('150126', 'PUNTA HERMOSA', '150100');
INSERT INTO distritos VALUES ('150127', 'PUNTA NEGRA', '150100');
INSERT INTO distritos VALUES ('150128', 'RIMAC', '150100');
INSERT INTO distritos VALUES ('150129', 'SAN BARTOLO', '150100');
INSERT INTO distritos VALUES ('150130', 'SAN BORJA', '150100');
INSERT INTO distritos VALUES ('150131', 'SAN ISIDRO', '150100');
INSERT INTO distritos VALUES ('150132', 'SAN JUAN DE LURIGANCHO', '150100');
INSERT INTO distritos VALUES ('150133', 'SAN JUAN DE MIRAFLORES', '150100');
INSERT INTO distritos VALUES ('150134', 'SAN LUIS', '150100');
INSERT INTO distritos VALUES ('150135', 'SAN MARTIN DE PORRES', '150100');
INSERT INTO distritos VALUES ('150136', 'SAN MIGUEL', '150100');
INSERT INTO distritos VALUES ('150137', 'SANTA ANITA', '150100');
INSERT INTO distritos VALUES ('150138', 'SANTA MARIA DEL MAR', '150100');
INSERT INTO distritos VALUES ('150139', 'SANTA ROSA', '150100');
INSERT INTO distritos VALUES ('150140', 'SANTIAGO DE SURCO', '150100');
INSERT INTO distritos VALUES ('150141', 'SURQUILLO', '150100');
INSERT INTO distritos VALUES ('150142', 'VILLA EL SALVADOR', '150100');
INSERT INTO distritos VALUES ('150143', 'VILLA MARIA DEL TRIUNFO', '150100');
INSERT INTO distritos VALUES ('150201', 'BARRANCA', '150200');
INSERT INTO distritos VALUES ('150202', 'PARAMONGA', '150200');
INSERT INTO distritos VALUES ('150203', 'PATIVILCA', '150200');
INSERT INTO distritos VALUES ('150204', 'SUPE', '150200');
INSERT INTO distritos VALUES ('150205', 'SUPE PUERTO', '150200');
INSERT INTO distritos VALUES ('150301', 'CAJATAMBO', '150300');
INSERT INTO distritos VALUES ('150302', 'COPA', '150300');
INSERT INTO distritos VALUES ('150303', 'GORGOR', '150300');
INSERT INTO distritos VALUES ('150304', 'HUANCAPON', '150300');
INSERT INTO distritos VALUES ('150305', 'MANAS', '150300');
INSERT INTO distritos VALUES ('150401', 'CANTA', '150400');
INSERT INTO distritos VALUES ('150402', 'ARAHUAY', '150400');
INSERT INTO distritos VALUES ('150403', 'HUAMANTANGA', '150400');
INSERT INTO distritos VALUES ('150404', 'HUAROS', '150400');
INSERT INTO distritos VALUES ('150405', 'LACHAQUI', '150400');
INSERT INTO distritos VALUES ('150406', 'SAN BUENAVENTURA', '150400');
INSERT INTO distritos VALUES ('150407', 'SANTA ROSA DE QUIVES', '150400');
INSERT INTO distritos VALUES ('150501', 'SAN VICENTE DE CAÂ¥ETE', '150500');
INSERT INTO distritos VALUES ('150502', 'ASIA', '150500');
INSERT INTO distritos VALUES ('150503', 'CALANGO', '150500');
INSERT INTO distritos VALUES ('150504', 'CERRO AZUL', '150500');
INSERT INTO distritos VALUES ('150505', 'CHILCA', '150500');
INSERT INTO distritos VALUES ('150506', 'COAYLLO', '150500');
INSERT INTO distritos VALUES ('150507', 'IMPERIAL', '150500');
INSERT INTO distritos VALUES ('150508', 'LUNAHUANA', '150500');
INSERT INTO distritos VALUES ('150509', 'MALA', '150500');
INSERT INTO distritos VALUES ('150510', 'NUEVO IMPERIAL', '150500');
INSERT INTO distritos VALUES ('150511', 'PACARAN', '150500');
INSERT INTO distritos VALUES ('150512', 'QUILMANA', '150500');
INSERT INTO distritos VALUES ('150513', 'SAN ANTONIO', '150500');
INSERT INTO distritos VALUES ('150514', 'SAN LUIS', '150500');
INSERT INTO distritos VALUES ('150515', 'SANTA CRUZ DE FLORES', '150500');
INSERT INTO distritos VALUES ('150516', 'ZUÂ¥IGA', '150500');
INSERT INTO distritos VALUES ('150601', 'HUARAL', '150600');
INSERT INTO distritos VALUES ('150602', 'ATAVILLOS ALTO', '150600');
INSERT INTO distritos VALUES ('150603', 'ATAVILLOS BAJO', '150600');
INSERT INTO distritos VALUES ('150604', 'AUCALLAMA', '150600');
INSERT INTO distritos VALUES ('150605', 'CHANCAY', '150600');
INSERT INTO distritos VALUES ('150606', 'IHUARI', '150600');
INSERT INTO distritos VALUES ('150607', 'LAMPIAN', '150600');
INSERT INTO distritos VALUES ('150608', 'PACARAOS', '150600');
INSERT INTO distritos VALUES ('150609', 'SAN MIGUEL DE ACOS', '150600');
INSERT INTO distritos VALUES ('150610', 'SANTA CRUZ DE ANDAMARCA', '150600');
INSERT INTO distritos VALUES ('150611', 'SUMBILCA', '150600');
INSERT INTO distritos VALUES ('150612', 'VEINTISIETE DE NOVIEMBRE', '150600');
INSERT INTO distritos VALUES ('150701', 'MATUCANA', '150700');
INSERT INTO distritos VALUES ('150702', 'ANTIOQUIA', '150700');
INSERT INTO distritos VALUES ('150703', 'CALLAHUANCA', '150700');
INSERT INTO distritos VALUES ('150704', 'CARAMPOMA', '150700');
INSERT INTO distritos VALUES ('150705', 'CHICLA', '150700');
INSERT INTO distritos VALUES ('150706', 'CUENCA', '150700');
INSERT INTO distritos VALUES ('150707', 'HUACHUPAMPA', '150700');
INSERT INTO distritos VALUES ('150708', 'HUANZA', '150700');
INSERT INTO distritos VALUES ('150709', 'HUAROCHIRI', '150700');
INSERT INTO distritos VALUES ('150710', 'LAHUAYTAMBO', '150700');
INSERT INTO distritos VALUES ('150711', 'LANGA', '150700');
INSERT INTO distritos VALUES ('150712', 'LARAOS', '150700');
INSERT INTO distritos VALUES ('150713', 'MARIATANA', '150700');
INSERT INTO distritos VALUES ('150714', 'RICARDO PALMA', '150700');
INSERT INTO distritos VALUES ('150715', 'SAN ANDRES DE TUPICOCHA', '150700');
INSERT INTO distritos VALUES ('150716', 'SAN ANTONIO', '150700');
INSERT INTO distritos VALUES ('150717', 'SAN BARTOLOME', '150700');
INSERT INTO distritos VALUES ('150718', 'SAN DAMIAN', '150700');
INSERT INTO distritos VALUES ('150719', 'SAN JUAN DE IRIS', '150700');
INSERT INTO distritos VALUES ('150720', 'SAN JUAN DE TANTARANCHE', '150700');
INSERT INTO distritos VALUES ('150721', 'SAN LORENZO DE QUINTI', '150700');
INSERT INTO distritos VALUES ('150722', 'SAN MATEO', '150700');
INSERT INTO distritos VALUES ('150723', 'SAN MATEO DE OTAO', '150700');
INSERT INTO distritos VALUES ('150724', 'SAN PEDRO DE CASTA', '150700');
INSERT INTO distritos VALUES ('150725', 'SAN PEDRO DE HUANCAYRE', '150700');
INSERT INTO distritos VALUES ('150726', 'SANGALLAYA', '150700');
INSERT INTO distritos VALUES ('150727', 'SANTA CRUZ DE COCACHACRA', '150700');
INSERT INTO distritos VALUES ('150728', 'SANTA EULALIA', '150700');
INSERT INTO distritos VALUES ('150729', 'SANTIAGO DE ANCHUCAYA', '150700');
INSERT INTO distritos VALUES ('150730', 'SANTIAGO DE TUNA', '150700');
INSERT INTO distritos VALUES ('150731', 'SANTO DOMINGO DE LOS OLLEROS', '150700');
INSERT INTO distritos VALUES ('150732', 'SURCO', '150700');
INSERT INTO distritos VALUES ('150801', 'HUACHO', '150800');
INSERT INTO distritos VALUES ('150802', 'AMBAR', '150800');
INSERT INTO distritos VALUES ('150803', 'CALETA DE CARQUIN', '150800');
INSERT INTO distritos VALUES ('150804', 'CHECRAS', '150800');
INSERT INTO distritos VALUES ('150805', 'HUALMAY', '150800');
INSERT INTO distritos VALUES ('150806', 'HUAURA', '150800');
INSERT INTO distritos VALUES ('150807', 'LEONCIO PRADO', '150800');
INSERT INTO distritos VALUES ('150808', 'PACCHO', '150800');
INSERT INTO distritos VALUES ('150809', 'SANTA LEONOR', '150800');
INSERT INTO distritos VALUES ('150810', 'SANTA MARIA', '150800');
INSERT INTO distritos VALUES ('150811', 'SAYAN', '150800');
INSERT INTO distritos VALUES ('150812', 'VEGUETA', '150800');
INSERT INTO distritos VALUES ('150901', 'OYON', '150900');
INSERT INTO distritos VALUES ('150902', 'ANDAJES', '150900');
INSERT INTO distritos VALUES ('150903', 'CAUJUL', '150900');
INSERT INTO distritos VALUES ('150904', 'COCHAMARCA', '150900');
INSERT INTO distritos VALUES ('150905', 'NAVAN', '150900');
INSERT INTO distritos VALUES ('150906', 'PACHANGARA', '150900');
INSERT INTO distritos VALUES ('151001', 'YAUYOS', '151000');
INSERT INTO distritos VALUES ('151002', 'ALIS', '151000');
INSERT INTO distritos VALUES ('151003', 'AYAUCA', '151000');
INSERT INTO distritos VALUES ('151004', 'AYAVIRI', '151000');
INSERT INTO distritos VALUES ('151005', 'AZANGARO', '151000');
INSERT INTO distritos VALUES ('151006', 'CACRA', '151000');
INSERT INTO distritos VALUES ('151007', 'CARANIA', '151000');
INSERT INTO distritos VALUES ('151008', 'CATAHUASI', '151000');
INSERT INTO distritos VALUES ('151009', 'CHOCOS', '151000');
INSERT INTO distritos VALUES ('151010', 'COCHAS', '151000');
INSERT INTO distritos VALUES ('151011', 'COLONIA', '151000');
INSERT INTO distritos VALUES ('151012', 'HONGOS', '151000');
INSERT INTO distritos VALUES ('151013', 'HUAMPARA', '151000');
INSERT INTO distritos VALUES ('151014', 'HUANCAYA', '151000');
INSERT INTO distritos VALUES ('151015', 'HUANGASCAR', '151000');
INSERT INTO distritos VALUES ('151016', 'HUANTAN', '151000');
INSERT INTO distritos VALUES ('151017', 'HUAÂ¥EC', '151000');
INSERT INTO distritos VALUES ('151018', 'LARAOS', '151000');
INSERT INTO distritos VALUES ('151019', 'LINCHA', '151000');
INSERT INTO distritos VALUES ('151020', 'MADEAN', '151000');
INSERT INTO distritos VALUES ('151021', 'MIRAFLORES', '151000');
INSERT INTO distritos VALUES ('151022', 'OMAS', '151000');
INSERT INTO distritos VALUES ('151023', 'PUTINZA', '151000');
INSERT INTO distritos VALUES ('151024', 'QUINCHES', '151000');
INSERT INTO distritos VALUES ('151025', 'QUINOCAY', '151000');
INSERT INTO distritos VALUES ('151026', 'SAN JOAQUIN', '151000');
INSERT INTO distritos VALUES ('151027', 'SAN PEDRO DE PILAS', '151000');
INSERT INTO distritos VALUES ('151028', 'TANTA', '151000');
INSERT INTO distritos VALUES ('151029', 'TAURIPAMPA', '151000');
INSERT INTO distritos VALUES ('151030', 'TOMAS', '151000');
INSERT INTO distritos VALUES ('151031', 'TUPE', '151000');
INSERT INTO distritos VALUES ('151032', 'VIÂ¥AC', '151000');
INSERT INTO distritos VALUES ('151033', 'VITIS', '151000');
INSERT INTO distritos VALUES ('160101', 'IQUITOS', '160100');
INSERT INTO distritos VALUES ('160102', 'ALTO NANAY', '160100');
INSERT INTO distritos VALUES ('160103', 'FERNANDO LORES', '160100');
INSERT INTO distritos VALUES ('160104', 'INDIANA', '160100');
INSERT INTO distritos VALUES ('160105', 'LAS AMAZONAS', '160100');
INSERT INTO distritos VALUES ('160106', 'MAZAN', '160100');
INSERT INTO distritos VALUES ('160107', 'NAPO', '160100');
INSERT INTO distritos VALUES ('160108', 'PUNCHANA', '160100');
INSERT INTO distritos VALUES ('160109', 'PUTUMAYO    ', '160100');
INSERT INTO distritos VALUES ('160110', 'TORRES CAUSANA', '160100');
INSERT INTO distritos VALUES ('160111', 'YAQUERANA    ', '160500');
INSERT INTO distritos VALUES ('160112', 'BELEN', '160100');
INSERT INTO distritos VALUES ('160113', 'SAN JUAN BAUTISTA', '160100');
INSERT INTO distritos VALUES ('160201', 'YURIMAGUAS', '160200');
INSERT INTO distritos VALUES ('160202', 'BALSAPUERTO', '160200');
INSERT INTO distritos VALUES ('160203', 'BARRANCA', '160200');
INSERT INTO distritos VALUES ('160204', 'CAHUAPANAS', '160200');
INSERT INTO distritos VALUES ('160205', 'JEBEROS', '160200');
INSERT INTO distritos VALUES ('160206', 'LAGUNAS', '160200');
INSERT INTO distritos VALUES ('160207', 'MANSERICHE', '160200');
INSERT INTO distritos VALUES ('160208', 'MORONA', '160200');
INSERT INTO distritos VALUES ('160209', 'PASTAZA', '160200');
INSERT INTO distritos VALUES ('160210', 'SANTA CRUZ', '160200');
INSERT INTO distritos VALUES ('160211', 'TENIENTE CESAR LOPEZ ROJAS', '160200');
INSERT INTO distritos VALUES ('160301', 'NAUTA', '160300');
INSERT INTO distritos VALUES ('160302', 'PARINARI   1/', '160300');
INSERT INTO distritos VALUES ('160303', 'TIGRE', '160300');
INSERT INTO distritos VALUES ('160304', 'TROMPETEROS', '160300');
INSERT INTO distritos VALUES ('160305', 'URARINAS    2/', '160300');
INSERT INTO distritos VALUES ('160401', 'RAMON CASTILLA', '160400');
INSERT INTO distritos VALUES ('160402', 'PEBAS', '160400');
INSERT INTO distritos VALUES ('160403', 'YAVARI', '160400');
INSERT INTO distritos VALUES ('160404', 'SAN PABLO', '160400');
INSERT INTO distritos VALUES ('160501', 'REQUENA', '160500');
INSERT INTO distritos VALUES ('160502', 'ALTO TAPICHE', '160500');
INSERT INTO distritos VALUES ('160503', 'CAPELO', '160500');
INSERT INTO distritos VALUES ('160504', 'EMILIO SAN MARTIN', '160500');
INSERT INTO distritos VALUES ('160505', 'MAQUIA', '160500');
INSERT INTO distritos VALUES ('160506', 'PUINAHUA', '160500');
INSERT INTO distritos VALUES ('160507', 'SAQUENA', '160500');
INSERT INTO distritos VALUES ('160508', 'SOPLIN    3/', '160500');
INSERT INTO distritos VALUES ('160509', 'TAPICHE', '160500');
INSERT INTO distritos VALUES ('160510', 'JENARO HERRERA', '160500');
INSERT INTO distritos VALUES ('160601', 'CONTAMANA', '160600');
INSERT INTO distritos VALUES ('160602', 'INAHUAYA', '160600');
INSERT INTO distritos VALUES ('160603', 'PADRE MARQUEZ', '160600');
INSERT INTO distritos VALUES ('160604', 'PAMPA HERMOSA', '160600');
INSERT INTO distritos VALUES ('160605', 'SARAYACU', '160600');
INSERT INTO distritos VALUES ('160606', 'VARGAS GUERRA', '160600');
INSERT INTO distritos VALUES ('170101', 'TAMBOPATA', '170100');
INSERT INTO distritos VALUES ('170102', 'INAMBARI    1/', '170100');
INSERT INTO distritos VALUES ('170103', 'LAS PIEDRAS   2/', '170100');
INSERT INTO distritos VALUES ('170104', 'LABERINTO', '170100');
INSERT INTO distritos VALUES ('170201', 'MANU    ', '170200');
INSERT INTO distritos VALUES ('170202', 'FITZCARRALD    ', '170200');
INSERT INTO distritos VALUES ('170203', 'MADRE DE DIOS    ', '170200');
INSERT INTO distritos VALUES ('170204', 'HUEPETUHE', '170200');
INSERT INTO distritos VALUES ('170301', 'IÂ¥APARI', '170300');
INSERT INTO distritos VALUES ('170302', 'IBERIA', '170300');
INSERT INTO distritos VALUES ('170303', 'TAHUAMANU', '170300');
INSERT INTO distritos VALUES ('180101', 'MOQUEGUA', '180100');
INSERT INTO distritos VALUES ('180102', 'CARUMAS', '180100');
INSERT INTO distritos VALUES ('180103', 'CUCHUMBAYA', '180100');
INSERT INTO distritos VALUES ('180104', 'SAMEGUA', '180100');
INSERT INTO distritos VALUES ('180105', 'SAN CRISTOBAL', '180100');
INSERT INTO distritos VALUES ('180106', 'TORATA', '180100');
INSERT INTO distritos VALUES ('180201', 'OMATE', '180200');
INSERT INTO distritos VALUES ('180202', 'CHOJATA', '180200');
INSERT INTO distritos VALUES ('180203', 'COALAQUE', '180200');
INSERT INTO distritos VALUES ('180204', 'ICHUÂ¥A', '180200');
INSERT INTO distritos VALUES ('180205', 'LA CAPILLA', '180200');
INSERT INTO distritos VALUES ('180206', 'LLOQUE', '180200');
INSERT INTO distritos VALUES ('180207', 'MATALAQUE', '180200');
INSERT INTO distritos VALUES ('180208', 'PUQUINA', '180200');
INSERT INTO distritos VALUES ('180209', 'QUINISTAQUILLAS', '180200');
INSERT INTO distritos VALUES ('180210', 'UBINAS', '180200');
INSERT INTO distritos VALUES ('180211', 'YUNGA', '180200');
INSERT INTO distritos VALUES ('180301', 'ILO', '180300');
INSERT INTO distritos VALUES ('180302', 'EL ALGARROBAL', '180300');
INSERT INTO distritos VALUES ('180303', 'PACOCHA', '180300');
INSERT INTO distritos VALUES ('190101', 'CHAUPIMARCA', '190100');
INSERT INTO distritos VALUES ('190102', 'HUACHON', '190100');
INSERT INTO distritos VALUES ('190103', 'HUARIACA', '190100');
INSERT INTO distritos VALUES ('190104', 'HUAYLLAY', '190100');
INSERT INTO distritos VALUES ('190105', 'NINACACA', '190100');
INSERT INTO distritos VALUES ('190106', 'PALLANCHACRA', '190100');
INSERT INTO distritos VALUES ('190107', 'PAUCARTAMBO', '190100');
INSERT INTO distritos VALUES ('190108', 'SAN FCO.DE ASIS DE YARUSYACAN', '190100');
INSERT INTO distritos VALUES ('190109', 'SIMON BOLIVAR', '190100');
INSERT INTO distritos VALUES ('190110', 'TICLACAYAN', '190100');
INSERT INTO distritos VALUES ('190111', 'TINYAHUARCO', '190100');
INSERT INTO distritos VALUES ('190112', 'VICCO', '190100');
INSERT INTO distritos VALUES ('190113', 'YANACANCHA', '190100');
INSERT INTO distritos VALUES ('190201', 'YANAHUANCA', '190200');
INSERT INTO distritos VALUES ('190202', 'CHACAYAN', '190200');
INSERT INTO distritos VALUES ('190203', 'GOYLLARISQUIZGA', '190200');
INSERT INTO distritos VALUES ('190204', 'PAUCAR', '190200');
INSERT INTO distritos VALUES ('190205', 'SAN PEDRO DE PILLAO', '190200');
INSERT INTO distritos VALUES ('190206', 'SANTA ANA DE TUSI', '190200');
INSERT INTO distritos VALUES ('190207', 'TAPUC', '190200');
INSERT INTO distritos VALUES ('190208', 'VILCABAMBA', '190200');
INSERT INTO distritos VALUES ('190301', 'OXAPAMPA', '190300');
INSERT INTO distritos VALUES ('190302', 'CHONTABAMBA', '190300');
INSERT INTO distritos VALUES ('190303', 'HUANCABAMBA', '190300');
INSERT INTO distritos VALUES ('190304', 'PALCAZU', '190300');
INSERT INTO distritos VALUES ('190305', 'POZUZO', '190300');
INSERT INTO distritos VALUES ('190306', 'PUERTO BERMUDEZ', '190300');
INSERT INTO distritos VALUES ('190307', 'VILLA RICA', '190300');
INSERT INTO distritos VALUES ('200101', 'PIURA', '200100');
INSERT INTO distritos VALUES ('200104', 'CASTILLA', '200100');
INSERT INTO distritos VALUES ('200105', 'CATACAOS', '200100');
INSERT INTO distritos VALUES ('200107', 'CURA MORI', '200100');
INSERT INTO distritos VALUES ('200108', 'EL TALLAN', '200100');
INSERT INTO distritos VALUES ('200109', 'LA ARENA', '200100');
INSERT INTO distritos VALUES ('200110', 'LA UNION', '200100');
INSERT INTO distritos VALUES ('200111', 'LAS LOMAS', '200100');
INSERT INTO distritos VALUES ('200114', 'TAMBO GRANDE', '200100');
INSERT INTO distritos VALUES ('200201', 'AYABACA', '200200');
INSERT INTO distritos VALUES ('200202', 'FRIAS', '200200');
INSERT INTO distritos VALUES ('200203', 'JILILI', '200200');
INSERT INTO distritos VALUES ('200204', 'LAGUNAS', '200200');
INSERT INTO distritos VALUES ('200205', 'MONTERO', '200200');
INSERT INTO distritos VALUES ('200206', 'PACAIPAMPA', '200200');
INSERT INTO distritos VALUES ('200207', 'PAIMAS', '200200');
INSERT INTO distritos VALUES ('200208', 'SAPILLICA', '200200');
INSERT INTO distritos VALUES ('200209', 'SICCHEZ', '200200');
INSERT INTO distritos VALUES ('200210', 'SUYO', '200200');
INSERT INTO distritos VALUES ('200301', 'HUANCABAMBA', '200300');
INSERT INTO distritos VALUES ('200302', 'CANCHAQUE', '200300');
INSERT INTO distritos VALUES ('200303', 'EL CARMEN DE LA FRONTERA', '200300');
INSERT INTO distritos VALUES ('200304', 'HUARMACA', '200300');
INSERT INTO distritos VALUES ('200305', 'LALAQUIZ', '200300');
INSERT INTO distritos VALUES ('200306', 'SAN MIGUEL DE EL FAIQUE', '200300');
INSERT INTO distritos VALUES ('200307', 'SONDOR', '200300');
INSERT INTO distritos VALUES ('200308', 'SONDORILLO', '200300');
INSERT INTO distritos VALUES ('200401', 'CHULUCANAS', '200400');
INSERT INTO distritos VALUES ('200402', 'BUENOS AIRES', '200400');
INSERT INTO distritos VALUES ('200403', 'CHALACO', '200400');
INSERT INTO distritos VALUES ('200404', 'LA MATANZA', '200400');
INSERT INTO distritos VALUES ('200405', 'MORROPON', '200400');
INSERT INTO distritos VALUES ('200406', 'SALITRAL', '200400');
INSERT INTO distritos VALUES ('200407', 'SAN JUAN DE BIGOTE', '200400');
INSERT INTO distritos VALUES ('200408', 'SANTA CATALINA DE MOSSA', '200400');
INSERT INTO distritos VALUES ('200409', 'SANTO DOMINGO', '200400');
INSERT INTO distritos VALUES ('200410', 'YAMANGO', '200400');
INSERT INTO distritos VALUES ('200501', 'PAITA', '200500');
INSERT INTO distritos VALUES ('200502', 'AMOTAPE', '200500');
INSERT INTO distritos VALUES ('200503', 'ARENAL', '200500');
INSERT INTO distritos VALUES ('200504', 'COLAN', '200500');
INSERT INTO distritos VALUES ('200505', 'LA HUACA', '200500');
INSERT INTO distritos VALUES ('200506', 'TAMARINDO', '200500');
INSERT INTO distritos VALUES ('200507', 'VICHAYAL', '200500');
INSERT INTO distritos VALUES ('200601', 'SULLANA', '200600');
INSERT INTO distritos VALUES ('200602', 'BELLAVISTA                           1', '200600');
INSERT INTO distritos VALUES ('200603', 'IGNACIO ESCUDERO', '200600');
INSERT INTO distritos VALUES ('200604', 'LANCONES', '200600');
INSERT INTO distritos VALUES ('200605', 'MARCAVELICA', '200600');
INSERT INTO distritos VALUES ('200606', 'MIGUEL CHECA', '200600');
INSERT INTO distritos VALUES ('200607', 'QUERECOTILLO', '200600');
INSERT INTO distritos VALUES ('200608', 'SALITRAL', '200600');
INSERT INTO distritos VALUES ('200701', 'PARIÂ¥AS', '200700');
INSERT INTO distritos VALUES ('200702', 'EL ALTO', '200700');
INSERT INTO distritos VALUES ('200703', 'LA BREA', '200700');
INSERT INTO distritos VALUES ('200704', 'LOBITOS', '200700');
INSERT INTO distritos VALUES ('200705', 'LOS ORGANOS', '200700');
INSERT INTO distritos VALUES ('200706', 'MANCORA', '200700');
INSERT INTO distritos VALUES ('200801', 'SECHURA', '200800');
INSERT INTO distritos VALUES ('200802', 'BELLAVISTA DE LA UNION', '200800');
INSERT INTO distritos VALUES ('200803', 'BERNAL', '200800');
INSERT INTO distritos VALUES ('200804', 'CRISTO NOS VALGA', '200800');
INSERT INTO distritos VALUES ('200805', 'VICE', '200800');
INSERT INTO distritos VALUES ('200806', 'RINCONADA LLICUAR', '200800');
INSERT INTO distritos VALUES ('210101', 'PUNO', '210100');
INSERT INTO distritos VALUES ('210102', 'ACORA', '210100');
INSERT INTO distritos VALUES ('210103', 'AMANTANI', '210100');
INSERT INTO distritos VALUES ('210104', 'ATUNCOLLA', '210100');
INSERT INTO distritos VALUES ('210105', 'CAPACHICA', '210100');
INSERT INTO distritos VALUES ('210106', 'CHUCUITO', '210100');
INSERT INTO distritos VALUES ('210107', 'COATA', '210100');
INSERT INTO distritos VALUES ('210108', 'HUATA', '210100');
INSERT INTO distritos VALUES ('210109', 'MAÂ¥AZO', '210100');
INSERT INTO distritos VALUES ('210110', 'PAUCARCOLLA', '210100');
INSERT INTO distritos VALUES ('210111', 'PICHACANI', '210100');
INSERT INTO distritos VALUES ('210112', 'PLATERIA', '210100');
INSERT INTO distritos VALUES ('210113', 'SAN ANTONIO', '210100');
INSERT INTO distritos VALUES ('210114', 'TIQUILLACA', '210100');
INSERT INTO distritos VALUES ('210115', 'VILQUE', '210100');
INSERT INTO distritos VALUES ('210201', 'AZANGARO', '210200');
INSERT INTO distritos VALUES ('210202', 'ACHAYA', '210200');
INSERT INTO distritos VALUES ('210203', 'ARAPA', '210200');
INSERT INTO distritos VALUES ('210204', 'ASILLO', '210200');
INSERT INTO distritos VALUES ('210205', 'CAMINACA', '210200');
INSERT INTO distritos VALUES ('210206', 'CHUPA', '210200');
INSERT INTO distritos VALUES ('210207', 'JOSE DOMINGO CHOQUEHUANCA', '210200');
INSERT INTO distritos VALUES ('210208', 'MUÂ¥ANI', '210200');
INSERT INTO distritos VALUES ('210209', 'POTONI', '210200');
INSERT INTO distritos VALUES ('210210', 'SAMAN', '210200');
INSERT INTO distritos VALUES ('210211', 'SAN ANTON', '210200');
INSERT INTO distritos VALUES ('210212', 'SAN JOSE', '210200');
INSERT INTO distritos VALUES ('210213', 'SAN JUAN DE SALINAS', '210200');
INSERT INTO distritos VALUES ('210214', 'SANTIAGO DE PUPUJA', '210200');
INSERT INTO distritos VALUES ('210215', 'TIRAPATA', '210200');
INSERT INTO distritos VALUES ('210301', 'MACUSANI', '210300');
INSERT INTO distritos VALUES ('210302', 'AJOYANI', '210300');
INSERT INTO distritos VALUES ('210303', 'AYAPATA', '210300');
INSERT INTO distritos VALUES ('210304', 'COASA', '210300');
INSERT INTO distritos VALUES ('210305', 'CORANI', '210300');
INSERT INTO distritos VALUES ('210306', 'CRUCERO', '210300');
INSERT INTO distritos VALUES ('210307', 'ITUATA   1/', '210300');
INSERT INTO distritos VALUES ('210308', 'OLLACHEA', '210300');
INSERT INTO distritos VALUES ('210309', 'SAN GABAN', '210300');
INSERT INTO distritos VALUES ('210310', 'USICAYOS', '210300');
INSERT INTO distritos VALUES ('210401', 'JULI', '210400');
INSERT INTO distritos VALUES ('210402', 'DESAGUADERO', '210400');
INSERT INTO distritos VALUES ('210403', 'HUACULLANI', '210400');
INSERT INTO distritos VALUES ('210404', 'KELLUYO', '210400');
INSERT INTO distritos VALUES ('210405', 'PISACOMA', '210400');
INSERT INTO distritos VALUES ('210406', 'POMATA', '210400');
INSERT INTO distritos VALUES ('210407', 'ZEPITA', '210400');
INSERT INTO distritos VALUES ('210501', 'ILAVE', '210500');
INSERT INTO distritos VALUES ('210502', 'CAPAZO', '210500');
INSERT INTO distritos VALUES ('210503', 'PILCUYO', '210500');
INSERT INTO distritos VALUES ('210504', 'SANTA ROSA', '210500');
INSERT INTO distritos VALUES ('210505', 'CONDURIRI', '210500');
INSERT INTO distritos VALUES ('210601', 'HUANCANE', '210600');
INSERT INTO distritos VALUES ('210602', 'COJATA', '210600');
INSERT INTO distritos VALUES ('210603', 'HUATASANI', '210600');
INSERT INTO distritos VALUES ('210604', 'INCHUPALLA', '210600');
INSERT INTO distritos VALUES ('210605', 'PUSI', '210600');
INSERT INTO distritos VALUES ('210606', 'ROSASPATA', '210600');
INSERT INTO distritos VALUES ('210607', 'TARACO', '210600');
INSERT INTO distritos VALUES ('210608', 'VILQUE CHICO', '210600');
INSERT INTO distritos VALUES ('210701', 'LAMPA', '210700');
INSERT INTO distritos VALUES ('210702', 'CABANILLA', '210700');
INSERT INTO distritos VALUES ('210703', 'CALAPUJA', '210700');
INSERT INTO distritos VALUES ('210704', 'NICASIO', '210700');
INSERT INTO distritos VALUES ('210705', 'OCUVIRI', '210700');
INSERT INTO distritos VALUES ('210706', 'PALCA', '210700');
INSERT INTO distritos VALUES ('210707', 'PARATIA', '210700');
INSERT INTO distritos VALUES ('210708', 'PUCARA', '210700');
INSERT INTO distritos VALUES ('210709', 'SANTA LUCIA', '210700');
INSERT INTO distritos VALUES ('210710', 'VILAVILA', '210700');
INSERT INTO distritos VALUES ('210801', 'AYAVIRI', '210800');
INSERT INTO distritos VALUES ('210802', 'ANTAUTA', '210800');
INSERT INTO distritos VALUES ('210803', 'CUPI', '210800');
INSERT INTO distritos VALUES ('210804', 'LLALLI', '210800');
INSERT INTO distritos VALUES ('210805', 'MACARI', '210800');
INSERT INTO distritos VALUES ('210806', 'NUÂ¥OA', '210800');
INSERT INTO distritos VALUES ('210807', 'ORURILLO', '210800');
INSERT INTO distritos VALUES ('210808', 'SANTA ROSA', '210800');
INSERT INTO distritos VALUES ('210809', 'UMACHIRI', '210800');
INSERT INTO distritos VALUES ('210901', 'MOHO', '210900');
INSERT INTO distritos VALUES ('210902', 'CONIMA', '210900');
INSERT INTO distritos VALUES ('210903', 'HUAYRAPATA', '210900');
INSERT INTO distritos VALUES ('210904', 'TILALI', '210900');
INSERT INTO distritos VALUES ('211001', 'PUTINA', '211000');
INSERT INTO distritos VALUES ('211002', 'ANANEA', '211000');
INSERT INTO distritos VALUES ('211003', 'PEDRO VILCA APAZA', '211000');
INSERT INTO distritos VALUES ('211004', 'QUILCAPUNCU', '211000');
INSERT INTO distritos VALUES ('211005', 'SINA', '211000');
INSERT INTO distritos VALUES ('211101', 'JULIACA', '211100');
INSERT INTO distritos VALUES ('211102', 'CABANA', '211100');
INSERT INTO distritos VALUES ('211103', 'CABANILLAS', '211100');
INSERT INTO distritos VALUES ('211104', 'CARACOTO', '211100');
INSERT INTO distritos VALUES ('211201', 'SANDIA', '211200');
INSERT INTO distritos VALUES ('211202', 'CUYOCUYO', '211200');
INSERT INTO distritos VALUES ('211203', 'LIMBANI', '211200');
INSERT INTO distritos VALUES ('211204', 'PATAMBUCO', '211200');
INSERT INTO distritos VALUES ('211205', 'PHARA', '211200');
INSERT INTO distritos VALUES ('211206', 'QUIACA', '211200');
INSERT INTO distritos VALUES ('211207', 'SAN JUAN DEL ORO', '211200');
INSERT INTO distritos VALUES ('211208', 'YANAHUAYA', '211200');
INSERT INTO distritos VALUES ('211209', 'ALTO INAMBARI', '211200');
INSERT INTO distritos VALUES ('211301', 'YUNGUYO', '211300');
INSERT INTO distritos VALUES ('211302', 'ANAPIA', '211300');
INSERT INTO distritos VALUES ('211303', 'COPANI', '211300');
INSERT INTO distritos VALUES ('211304', 'CUTURAPI', '211300');
INSERT INTO distritos VALUES ('211305', 'OLLARAYA', '211300');
INSERT INTO distritos VALUES ('211306', 'TINICACHI', '211300');
INSERT INTO distritos VALUES ('211307', 'UNICACHI', '211300');
INSERT INTO distritos VALUES ('220101', 'MOYOBAMBA', '220100');
INSERT INTO distritos VALUES ('220102', 'CALZADA', '220100');
INSERT INTO distritos VALUES ('220103', 'HABANA', '220100');
INSERT INTO distritos VALUES ('220104', 'JEPELACIO', '220100');
INSERT INTO distritos VALUES ('220105', 'SORITOR', '220100');
INSERT INTO distritos VALUES ('220106', 'YANTALO', '220100');
INSERT INTO distritos VALUES ('220201', 'BELLAVISTA2', '220200');
INSERT INTO distritos VALUES ('220202', 'ALTO BIAVO', '220200');
INSERT INTO distritos VALUES ('220203', 'BAJO BIAVO', '220200');
INSERT INTO distritos VALUES ('220204', 'HUALLAGA', '220200');
INSERT INTO distritos VALUES ('220205', 'SAN PABLO', '220200');
INSERT INTO distritos VALUES ('220206', 'SAN RAFAEL', '220200');
INSERT INTO distritos VALUES ('220301', 'SAN JOSE DE SISA', '220300');
INSERT INTO distritos VALUES ('220302', 'AGUA BLANCA', '220300');
INSERT INTO distritos VALUES ('220303', 'SAN MARTIN', '220300');
INSERT INTO distritos VALUES ('220304', 'SANTA ROSA', '220300');
INSERT INTO distritos VALUES ('220305', 'SHATOJA', '220300');
INSERT INTO distritos VALUES ('220401', 'SAPOSOA', '220400');
INSERT INTO distritos VALUES ('220402', 'ALTO SAPOSOA', '220400');
INSERT INTO distritos VALUES ('220403', 'EL ESLABON', '220400');
INSERT INTO distritos VALUES ('220404', 'PISCOYACU', '220400');
INSERT INTO distritos VALUES ('220405', 'SACANCHE', '220400');
INSERT INTO distritos VALUES ('220406', 'TINGO DE SAPOSOA', '220400');
INSERT INTO distritos VALUES ('220501', 'LAMAS', '220500');
INSERT INTO distritos VALUES ('220502', 'ALONSO DE ALVARADO', '220500');
INSERT INTO distritos VALUES ('220503', 'BARRANQUITA', '220500');
INSERT INTO distritos VALUES ('220504', 'CAYNARACHI   1/', '220500');
INSERT INTO distritos VALUES ('220505', 'CUÂ¥UMBUQUI', '220500');
INSERT INTO distritos VALUES ('220506', 'PINTO RECODO', '220500');
INSERT INTO distritos VALUES ('220507', 'RUMISAPA', '220500');
INSERT INTO distritos VALUES ('220508', 'SAN ROQUE DE CUMBAZA', '220500');
INSERT INTO distritos VALUES ('220509', 'SHANAO', '220500');
INSERT INTO distritos VALUES ('220510', 'TABALOSOS', '220500');
INSERT INTO distritos VALUES ('220511', 'ZAPATERO', '220500');
INSERT INTO distritos VALUES ('220601', 'JUANJUI', '220600');
INSERT INTO distritos VALUES ('220602', 'CAMPANILLA', '220600');
INSERT INTO distritos VALUES ('220603', 'HUICUNGO', '220600');
INSERT INTO distritos VALUES ('220604', 'PACHIZA', '220600');
INSERT INTO distritos VALUES ('220605', 'PAJARILLO', '220600');
INSERT INTO distritos VALUES ('220701', 'PICOTA', '220700');
INSERT INTO distritos VALUES ('220702', 'BUENOS AIRES', '220700');
INSERT INTO distritos VALUES ('220703', 'CASPISAPA', '220700');
INSERT INTO distritos VALUES ('220704', 'PILLUANA', '220700');
INSERT INTO distritos VALUES ('220705', 'PUCACACA', '220700');
INSERT INTO distritos VALUES ('220706', 'SAN CRISTOBAL', '220700');
INSERT INTO distritos VALUES ('220707', 'SAN HILARION', '220700');
INSERT INTO distritos VALUES ('220708', 'SHAMBOYACU', '220700');
INSERT INTO distritos VALUES ('220709', 'TINGO DE PONASA', '220700');
INSERT INTO distritos VALUES ('220710', 'TRES UNIDOS', '220700');
INSERT INTO distritos VALUES ('220801', 'RIOJA', '220800');
INSERT INTO distritos VALUES ('220802', 'AWAJUN', '220800');
INSERT INTO distritos VALUES ('220803', 'ELIAS SOPLIN VARGAS', '220800');
INSERT INTO distritos VALUES ('220804', 'NUEVA CAJAMARCA', '220800');
INSERT INTO distritos VALUES ('220805', 'PARDO MIGUEL', '220800');
INSERT INTO distritos VALUES ('220806', 'POSIC', '220800');
INSERT INTO distritos VALUES ('220807', 'SAN FERNANDO', '220800');
INSERT INTO distritos VALUES ('220808', 'YORONGOS', '220800');
INSERT INTO distritos VALUES ('220809', 'YURACYACU', '220800');
INSERT INTO distritos VALUES ('220901', 'TARAPOTO', '220900');
INSERT INTO distritos VALUES ('220902', 'ALBERTO LEVEAU', '220900');
INSERT INTO distritos VALUES ('220903', 'CACATACHI', '220900');
INSERT INTO distritos VALUES ('220904', 'CHAZUTA', '220900');
INSERT INTO distritos VALUES ('220905', 'CHIPURANA', '220900');
INSERT INTO distritos VALUES ('220906', 'EL PORVENIR', '220900');
INSERT INTO distritos VALUES ('220907', 'HUIMBAYOC', '220900');
INSERT INTO distritos VALUES ('220908', 'JUAN GUERRA', '220900');
INSERT INTO distritos VALUES ('220909', 'LA BANDA DE SHILCAYO', '220900');
INSERT INTO distritos VALUES ('220910', 'MORALES', '220900');
INSERT INTO distritos VALUES ('220911', 'PAPAPLAYA', '220900');
INSERT INTO distritos VALUES ('220912', 'SAN ANTONIO', '220900');
INSERT INTO distritos VALUES ('220913', 'SAUCE', '220900');
INSERT INTO distritos VALUES ('220914', 'SHAPAJA', '220900');
INSERT INTO distritos VALUES ('221001', 'TOCACHE', '221000');
INSERT INTO distritos VALUES ('221002', 'NUEVO PROGRESO', '221000');
INSERT INTO distritos VALUES ('221003', 'POLVORA', '221000');
INSERT INTO distritos VALUES ('221004', 'SHUNTE', '221000');
INSERT INTO distritos VALUES ('221005', 'UCHIZA', '221000');
INSERT INTO distritos VALUES ('230101', 'TACNA', '230100');
INSERT INTO distritos VALUES ('230102', 'ALTO DE LA ALIANZA', '230100');
INSERT INTO distritos VALUES ('230103', 'CALANA', '230100');
INSERT INTO distritos VALUES ('230104', 'CIUDAD NUEVA', '230100');
INSERT INTO distritos VALUES ('230105', 'INCLAN', '230100');
INSERT INTO distritos VALUES ('230106', 'PACHIA', '230100');
INSERT INTO distritos VALUES ('230107', 'PALCA', '230100');
INSERT INTO distritos VALUES ('230108', 'POCOLLAY', '230100');
INSERT INTO distritos VALUES ('230109', 'SAMA', '230100');
INSERT INTO distritos VALUES ('230110', 'CORONEL GREGORIO ALBARRACIN LANCHIPA', '230100');
INSERT INTO distritos VALUES ('230201', 'CANDARAVE', '230200');
INSERT INTO distritos VALUES ('230202', 'CAIRANI', '230200');
INSERT INTO distritos VALUES ('230203', 'CAMILACA', '230200');
INSERT INTO distritos VALUES ('230204', 'CURIBAYA', '230200');
INSERT INTO distritos VALUES ('230205', 'HUANUARA', '230200');
INSERT INTO distritos VALUES ('230206', 'QUILAHUANI', '230200');
INSERT INTO distritos VALUES ('230301', 'LOCUMBA', '230300');
INSERT INTO distritos VALUES ('230302', 'ILABAYA', '230300');
INSERT INTO distritos VALUES ('230303', 'ITE', '230300');
INSERT INTO distritos VALUES ('230401', 'TARATA', '230400');
INSERT INTO distritos VALUES ('230402', 'CHUCATAMANI', '230400');
INSERT INTO distritos VALUES ('230403', 'ESTIQUE', '230400');
INSERT INTO distritos VALUES ('230404', 'ESTIQUE-PAMPA', '230400');
INSERT INTO distritos VALUES ('230405', 'SITAJARA', '230400');
INSERT INTO distritos VALUES ('230406', 'SUSAPAYA', '230400');
INSERT INTO distritos VALUES ('230407', 'TARUCACHI', '230400');
INSERT INTO distritos VALUES ('230408', 'TICACO', '230400');
INSERT INTO distritos VALUES ('240101', 'TUMBES', '240100');
INSERT INTO distritos VALUES ('240102', 'CORRALES', '240100');
INSERT INTO distritos VALUES ('240103', 'LA CRUZ', '240100');
INSERT INTO distritos VALUES ('240104', 'PAMPAS DE HOSPITAL', '240100');
INSERT INTO distritos VALUES ('240105', 'SAN JACINTO', '240100');
INSERT INTO distritos VALUES ('240106', 'SAN JUAN DE LA VIRGEN', '240100');
INSERT INTO distritos VALUES ('240201', 'ZORRITOS', '240200');
INSERT INTO distritos VALUES ('240202', 'CASITAS', '240200');
INSERT INTO distritos VALUES ('240301', 'ZARUMILLA', '240300');
INSERT INTO distritos VALUES ('240302', 'AGUAS VERDES', '240300');
INSERT INTO distritos VALUES ('240303', 'MATAPALO', '240300');
INSERT INTO distritos VALUES ('240304', 'PAPAYAL', '240300');
INSERT INTO distritos VALUES ('250101', 'CALLARIA', '250100');
INSERT INTO distritos VALUES ('250102', 'CAMPOVERDE', '250100');
INSERT INTO distritos VALUES ('250103', 'IPARIA', '250100');
INSERT INTO distritos VALUES ('250104', 'MASISEA', '250100');
INSERT INTO distritos VALUES ('250105', 'YARINACOCHA', '250100');
INSERT INTO distritos VALUES ('250106', 'NUEVA REQUENA', '250100');
INSERT INTO distritos VALUES ('250201', 'RAYMONDI', '250200');
INSERT INTO distritos VALUES ('250202', 'SEPAHUA', '250200');
INSERT INTO distritos VALUES ('250203', 'TAHUANIA', '250200');
INSERT INTO distritos VALUES ('250204', 'YURUA', '250200');
INSERT INTO distritos VALUES ('250301', 'PADRE ABAD', '250300');
INSERT INTO distritos VALUES ('250302', 'IRAZOLA', '250300');
INSERT INTO distritos VALUES ('250303', 'CURIMANA', '250300');
INSERT INTO distritos VALUES ('250401', 'PURUS', '250400');
INSERT INTO distritos VALUES ('250402', 'Distrito no Registrado', '250402');
go


-- INSERTAR CLIENTES
insert into tb_cliente(membresia,clave,nombreContacto,emailContacto,cargoContacto,razonSocial,
calle,numeroExterior,numeroInterior,municipio,codigoPostal,ciudad,pais,estado,sitioWeb,
actividadPreponderante,listadoDeProductos,tipoCliente)
values('jarmando','jarmando','José Armando Soto Vega','jarmando@hotmail.com',1,'El Rincón del Sabor S.A',
'Los Quechuas','393','125','Los Portales',19,'San Luis','001',1,'www.ricondelsabor.com',
'Restaurantes','...',1)
insert into tb_cliente(membresia,clave,nombreContacto,emailContacto,cargoContacto,razonSocial,
calle,numeroExterior,numeroInterior,municipio,codigoPostal,ciudad,pais,estado,sitioWeb,
actividadPreponderante,listadoDeProductos,tipoCliente)
values('mrios','mrios','Mario Rios Soto','mrios@hotmail.com',1,'PortoMar S.A',
'Los Incas','324',null,'Las Rosas',19,'San Miguel','001',1,'www.portomar.com',
'Restaurantes','...',2)
go

-- INSERTAR PERMISOS DE CLIENTE
INSERT INTO tb_permiso_cliente(cliente,activo,administrador,visitante,clienteSocio,clienteInvitado)
VALUES('jarmando',1,0,0,0,1)
INSERT INTO tb_permiso_cliente(cliente,activo,administrador,visitante,clienteSocio,clienteInvitado)
VALUES('mrios',1,0,0,1,0)
go

-- INSERTAR CATEGORIAS
insert into tb_categoria_prod values('Ensaladas')
insert into tb_categoria_prod values('Sopa')
insert into tb_categoria_prod values('Entradas')
insert into tb_categoria_prod values('Postre')
insert into tb_categoria_prod values('Bebidas')
go


-- DEFIRNIR CONSTRAINTS
ALTER TABLE tb_permiso_usuario
ADD CONSTRAINT U_USUARIO
UNIQUE NONCLUSTERED (usuario)
GO
ALTER TABLE tb_permiso_cliente
ADD CONSTRAINT U_CLIENTE
UNIQUE NONCLUSTERED (cliente)
GO
